Category,Rank,Username,Topmate URL,,Category Metric,User ID,Profile Pic URL,First Name,Short Bio,category_link,category_link,category_link
Overall Top '25,1,ajay_shenoy,https://topmate.io/ajay_shenoy,"'ajay_shenoy',",,61820,https://static.topmate.io/7Jn6xiUrQsncihaSqFGp6J.png,Ajay,14+ yrs in AI/ML: Industry + IISc PhD | Harman | Target | NITK,https://awards.topmate.io/overall,https://awards.topmate.io/overall,https://awards.topmate.io/overall
Overall Top '25,2,shubham_wadekar,https://topmate.io/shubham_wadekar,"'shubham_wadekar',",,192597,https://static.topmate.io/pGbDwovAjJJLnk26TPz6D4.jpg,Shubham,"Hi, I am Shubham Wadekar. I guide people aspiring for Data Engineer roles.",https://awards.topmate.io/overall,https://awards.topmate.io/overall,https://awards.topmate.io/overall
Overall Top '25,3,cloud,https://topmate.io/cloud,"'cloud',",,42261,https://static.topmate.io/abCiGGCLq8unAGDzQAmtWo.jpg,Sanjeev,"DevOps • Cloud • AI Architect helping you build job-ready skills to land high-paying DevOps, Cloud & AI roles with my proven plans, real-world projects, and interview guidance.https://www.youtube.com/@DevOps-Cloud-AI",https://awards.topmate.io/overall,https://awards.topmate.io/overall,https://awards.topmate.io/overall
Overall Top '25,4,aishwarya_srinivasan,https://topmate.io/aishwarya_srinivasan,"'aishwarya_srinivasan',",,20851,https://static.topmate.io/7pXWU8fGN1xd6WzMQFDt9Y.avif,Aishwarya,Data Science| Personal Brand | LinkedIn Influencer | Startup Advisor| Content Creator | First Human at bunchpot.xyz,https://awards.topmate.io/overall,https://awards.topmate.io/overall,https://awards.topmate.io/overall
Overall Top '25,5,genzcareer,https://topmate.io/genzcareer,"'genzcareer',",,231684,https://static.topmate.io/29wpLPr9DLcPJ7j39rJUBd.jpg,GenZ,"I'm a Senior Software Developer with extensive experience in one of the leading multinational corporations. Over the years, I've had the unique opportunity to conduct over 100 interviews, giving me a deep understanding of what it takes to s",https://awards.topmate.io/overall,https://awards.topmate.io/overall,https://awards.topmate.io/overall
Overall Top '25,6,melissagrabiner,https://topmate.io/melissagrabiner,"'melissagrabiner',",,172054,https://topmate-staging.s3.amazonaws.com/fbJHYoavUQ8UP5kmpUVXXn.jfif,Melissa,Top 1% Job Search & LinkedIn Coach on Topmate | Over 500 Job Seekers Coached | Ranked #2 Female LinkedIn Creator Worldwide | Global HR & Talent Acquisition Leader,https://awards.topmate.io/overall,https://awards.topmate.io/overall,https://awards.topmate.io/overall
Overall Top '25,7,thomasguenter,https://topmate.io/thomasguenter,"'thomasguenter',",,33939,https://static.topmate.io/64sViCh3J4oh4H3JCpfyEw.jpg,Thomas,Gepassioneerd door financiën,https://awards.topmate.io/overall,https://awards.topmate.io/overall,https://awards.topmate.io/overall
Overall Top '25,8,qabytopmate,https://topmate.io/qabytopmate,"'qabytopmate',",,13586,https://static.topmate.io/teYrUZmVeLZhSYL1D2LkXb.jpeg,Topmate,Quality engineer,https://awards.topmate.io/overall,https://awards.topmate.io/overall,https://awards.topmate.io/overall
Overall Top '25,9,draditipaul,https://topmate.io/draditipaul,"'draditipaul',",,29433,https://static.topmate.io/gX9CxECshseS2tT6ZCCRGR.jpeg,Aditi,"Get EB1-ready with a proven action plan — make real progress in 4–6 focused hours/week, so you can live in the US with freedom & ease | Served: 78+ Clients. 3600+ Customers | DM ""GO"" to work with me",https://awards.topmate.io/overall,https://awards.topmate.io/overall,https://awards.topmate.io/overall
Overall Top '25,10,nishchay_agrawal,https://topmate.io/nishchay_agrawal,"'nishchay_agrawal',",,18828,https://topmate-staging.s3.amazonaws.com/xmbU8LqLc4mAg3tt7jcpyp.jpeg,Nishchay,"SDE IV (Senior Data Engineer) at Walmart ❤️ | SDE-2 (Data Engineer II) at Meesho 😊 | Data Engineer at Morgan Stanley, Zs Associates ✍️| Gold Medalist Uttarakhand Topper🥇 | 6k+ Youtube Subscribers| 4000+ 1:1 Sessions on Data Engineering 📊",https://awards.topmate.io/overall,https://awards.topmate.io/overall,https://awards.topmate.io/overall
Overall Top '25,11,saurav_chaudhary_1,https://topmate.io/saurav_chaudhary_1,"'saurav_chaudhary_1',",,285315,https://static.topmate.io/6jAQdbdV69pqbsr8DT4HQU.jpg,Saurav,"I don’t teach DevOps. I inject it into your bloodstream. From CI/CD chaos to K8s crashes, I’ve lived it. Want brutal clarity, real-world prep? Book a session. Let’s make you unf*ckwithable. 💥",https://awards.topmate.io/overall,https://awards.topmate.io/overall,https://awards.topmate.io/overall
Overall Top '25,12,manasbichoo,https://topmate.io/manasbichoo,"'manasbichoo',",,199743,https://topmate-profile-pics.s3.ap-south-1.amazonaws.com/profile_pic_f2e8e5a5-75d6-49dc-a80e-434a0a9f70cc.jpeg,Manas,"Having personally experienced the struggles of Dubai’s job market, Manas founded Dubai Career Consultants to provide the guidance he once needed. He has helped thousands of professionals build successful careers across the UAE.",https://awards.topmate.io/overall,https://awards.topmate.io/overall,https://awards.topmate.io/overall
Overall Top '25,13,rajat_gajbhiye,https://topmate.io/rajat_gajbhiye,"'rajat_gajbhiye',",,222126,https://static.topmate.io/2FQtVnnjF6Vscc5APBwbbv.jpg,Rajat,Software Development Engineer | Interview coach helping people to crack top companies (SDE roles).,https://awards.topmate.io/overall,https://awards.topmate.io/overall,https://awards.topmate.io/overall
Overall Top '25,14,astrokarak,https://topmate.io/astrokarak,"'astrokarak',",,267245,https://static.topmate.io/7XuvVQRLzUXnacw3aNZCwe.jpg,Pranjal,"Vedic Astrology ConsultantConsultations, E-Books, and Courses",https://awards.topmate.io/overall,https://awards.topmate.io/overall,https://awards.topmate.io/overall
Overall Top '25,15,murrad_on_run,https://topmate.io/murrad_on_run,"'murrad_on_run',",,40240,https://topmate-staging.s3.ap-south-1.amazonaws.com/j2zTUvBbdChq7D3ZA1m2ZX.jpeg,Murrad,- Helped more than 700+ students get admission abroad.- Taught CFA to more than 1400 students,https://awards.topmate.io/overall,https://awards.topmate.io/overall,https://awards.topmate.io/overall
Overall Top '25,16,greatstack,https://topmate.io/greatstack,"'greatstack',",,179456,https://topmate-staging.s3.ap-south-1.amazonaws.com/beCDTUkJdRgHCR2iz15nEZ.png,Avinash,"I like to teach aspiring web developers at ""GreatStack"" how to code and get their dream job.",https://awards.topmate.io/overall,https://awards.topmate.io/overall,https://awards.topmate.io/overall
Overall Top '25,17,rajeev_sangwan,https://topmate.io/rajeev_sangwan,"'rajeev_sangwan',",,6210,https://static.topmate.io/6e4H3Fubm477GZLEzzP5wm.jpg,Rajeev,👨🏻‍💻Data Scientist (Working/Living in UK) 🎥 Youtuber 🎓 Career Coach - guided thousands of students/professionals in getting Dream Jobs in UK,https://awards.topmate.io/overall,https://awards.topmate.io/overall,https://awards.topmate.io/overall
Overall Top '25,18,prashant_verma,https://topmate.io/prashant_verma,"'prashant_verma',",,45090,https://static.topmate.io/4FQbudj6fkJL4QocWhaBb6.jpg,PRASHANT,"Building World-Class Scrum Masters. One Sprint at a Time .I help professionals become high-impact Scrum Masters — job-ready, confident & leadership-driven. Proven Impact & Results:6,000+ Scrum Masters Empowered |1,000+ Training Delivered",https://awards.topmate.io/overall,https://awards.topmate.io/overall,https://awards.topmate.io/overall
Overall Top '25,19,marina_wyss,https://topmate.io/marina_wyss,"'marina_wyss',",,350216,https://static.topmate.io/esfxx5Y8ECRdTRcQsP5USp.jpg,Marina,Senior Machine Learning Scientist at Twitch/Amazon,https://awards.topmate.io/overall,https://awards.topmate.io/overall,https://awards.topmate.io/overall
Overall Top '25,20,madadwoman,https://topmate.io/madadwoman,"'madadwoman',",,36923,https://static.topmate.io/nMMrhNCaFMBFWjP6sADZbp.png,Pranita,"10 years in advertising | Founder @Red in the White | Content creator @mad.adwoman | Copywriter | Past: The Minimalist, L&K Saatchi & Saatchi",https://awards.topmate.io/overall,https://awards.topmate.io/overall,https://awards.topmate.io/overall
Overall Top '25,21,gabhru_in_uk,https://topmate.io/gabhru_in_uk,"'gabhru_in_uk',",,175760,https://static.topmate.io/qqCPk9dk91jTd55tkMj2hf.jpg,Harjeet,gabhru in uk,https://awards.topmate.io/overall,https://awards.topmate.io/overall,https://awards.topmate.io/overall
Overall Top '25,22,data_tutorials,https://topmate.io/data_tutorials,"'data_tutorials',",,117264,https://static.topmate.io/4pdJG9rDGfYrNSdiPXYQU9.png,Swapnjeet,"Lead Data AnalystExperience in field of Data and expertise on tools like Power BI, Tableau, SQL, Excel, Advanced Excel, Azure, Fabric, Power Apps, AWS, Python, SSIS, Snowflake, Data warehouse, etc.",https://awards.topmate.io/overall,https://awards.topmate.io/overall,https://awards.topmate.io/overall
Overall Top '25,23,aashin,https://topmate.io/aashin,"'aashin',",,118948,https://static.topmate.io/pGcD9f6qX1N8FkkcWD3dCE.png,Aashin,"Start Your Business in UK Support for UK Sponsorship Jobs, Visas & More",https://awards.topmate.io/overall,https://awards.topmate.io/overall,https://awards.topmate.io/overall
Overall Top '25,24,quant_insider,https://topmate.io/quant_insider,"'quant_insider',",,142961,https://topmate-staging.s3.ap-south-1.amazonaws.com/fDhj7HZC8mpq7Trhzn4Shg.png,Quant Insider,"Elevating Careers, Empowering Quants: Your Bridge to Quantitative Finance Excellence",https://awards.topmate.io/overall,https://awards.topmate.io/overall,https://awards.topmate.io/overall
Overall Top '25,25,aashin_london_team,https://topmate.io/aashin_london_team,"'aashin_london_team',",,1299382,https://topmate-staging.s3.amazonaws.com/cYzjgWEU7e22tSQ9LF1k7M.jpeg,Aashin,UK Business Consultation  |  HR  | Migration Consultation  | Mentoring  |  Investor Relations  | StartUP Consortium,https://awards.topmate.io/overall,https://awards.topmate.io/overall,https://awards.topmate.io/overall
Most Bookings '25,1,primecoding19,https://topmate.io/primecoding19,"'primecoding19',",98039,329333,https://topmate-staging.s3.amazonaws.com/fbjcSdLBa76T3rYXhCEbcu.png,Aditya,"Hi, I’m Aditya Mishra, a Global Hackathon Winner, Founder of Prime Coding (98% MNC placement rate), and YouTuber with 55k+ subs. I mentor students to excel in coding, placements, and hackathons. Let’s turn your challenges into success! 🚀",https://awards.topmate.io/bookings,https://awards.topmate.io/bookings,https://awards.topmate.io/bookings
Most Bookings '25,2,careerwithankita,https://topmate.io/careerwithankita,"'careerwithankita',",59488,114514,https://static.topmate.io/xhawk2FdFNpAxcSf3XzaZJ.JPG,Ankita,"9+ Years of Industry Experience | Top Mentor | Flipkart, Tata Steel, MPL, Capgemini | 255k+ Instagram",https://awards.topmate.io/bookings,https://awards.topmate.io/bookings,https://awards.topmate.io/bookings
Most Bookings '25,3,dataengineering,https://topmate.io/dataengineering,"'dataengineering',",54810,92292,https://static.topmate.io/qsbZkmuK39pi1XoKD2VF36.JPG,Gowtham,Data Engineer | PayPal | YouTuber 290K | Talks Facts Only,https://awards.topmate.io/bookings,https://awards.topmate.io/bookings,https://awards.topmate.io/bookings
Most Bookings '25,4,sanabhateja,https://topmate.io/sanabhateja,"'sanabhateja',",42654,938859,https://static.topmate.io/1v6d17vCu3NHdqrkFVd5SQ.jpeg,Sana,CUET Guidance | Career Guidance | Du Student | Co founder The Inquisitive Mind | Biology Teacher,https://awards.topmate.io/bookings,https://awards.topmate.io/bookings,https://awards.topmate.io/bookings
Most Bookings '25,5,thisis_alaska,https://topmate.io/thisis_alaska,"'thisis_alaska',",34297,316534,https://static.topmate.io/fJpa4r45eN2EHHsNZxoZmG.jpg,Nandini,Delhi University Gold Medalist | Founder & CEO at The Invincible Academy | Founder at Aparajita Foundation | Career Coach & CUET Mentor | Content Creator YT & IG  : 500k+,https://awards.topmate.io/bookings,https://awards.topmate.io/bookings,https://awards.topmate.io/bookings
Most Bookings '25,6,krishankumar,https://topmate.io/krishankumar,"'krishankumar',",33424,352593,https://topmate-profile-pics.s3.ap-south-1.amazonaws.com/profile_pic_d47f74db-b2a3-45ec-801f-5604a5221b5b.jpeg,Krishan,130K+ Linkedin | Software Engineer,https://awards.topmate.io/bookings,https://awards.topmate.io/bookings,https://awards.topmate.io/bookings
Most Bookings '25,7,ayushi_mishra,https://topmate.io/ayushi_mishra,"'ayushi_mishra',",30942,33373,https://static.topmate.io/rgkfvvHkqFZFufW3SpzbeZ.png,Ayushi,4+ Years Experienced Data Scientist | Provide Guidance for Data Science | Data Analysis | Mentor | YouTuber,https://awards.topmate.io/bookings,https://awards.topmate.io/bookings,https://awards.topmate.io/bookings
Most Bookings '25,8,mazher_khan,https://topmate.io/mazher_khan,"'mazher_khan',",27054,105315,https://topmate-staging.s3.amazonaws.com/9NQoYHEJu9apWSS5kdpZmK.png,MAZHER,"Senior Data Analyst - 6 Years | Instagram - 160K+ |  IIT (DR-2) | Retail, E-commerce & Healthcare | Built a 200K+ Data Community (160K+ - Instagram) | SQL, Tableau, Python | Helped 55K+ Data Enthusiasts with Free Resources",https://awards.topmate.io/bookings,https://awards.topmate.io/bookings,https://awards.topmate.io/bookings
Most Bookings '25,9,ajay_shenoy,https://topmate.io/ajay_shenoy,"'ajay_shenoy',",19143,61820,https://static.topmate.io/7Jn6xiUrQsncihaSqFGp6J.png,Ajay,14+ yrs in AI/ML: Industry + IISc PhD | Harman | Target | NITK,https://awards.topmate.io/bookings,https://awards.topmate.io/bookings,https://awards.topmate.io/bookings
Most Bookings '25,10,garima_jain19,https://topmate.io/garima_jain19,"'garima_jain19',",18981,1014353,https://topmate-staging.s3.amazonaws.com/u8wyCD1yX5pjTjgwW82i5m.jpg,Garima,"Co-Founder @ DU Club | B.Com, Kirori Mal College (DU) | HR Consultant @ Cielo | DU & CUET Mentor | 9 to 5 HR + Full-time Creator | 120K+ Community on IG | 97% in 12th (District Topper) | Ex-Event Head @ NSS",https://awards.topmate.io/bookings,https://awards.topmate.io/bookings,https://awards.topmate.io/bookings
Most Bookings '25,11,greatstack,https://topmate.io/greatstack,"'greatstack',",18583,179456,https://topmate-staging.s3.ap-south-1.amazonaws.com/beCDTUkJdRgHCR2iz15nEZ.png,Avinash,"I like to teach aspiring web developers at ""GreatStack"" how to code and get their dream job.",https://awards.topmate.io/bookings,https://awards.topmate.io/bookings,https://awards.topmate.io/bookings
Most Bookings '25,12,aman_vijay,https://topmate.io/aman_vijay,"'aman_vijay',",17907,11663,https://static.topmate.io/psEmjQPgrjjmBfWrXes4c1.png,Aman,VP Growth @Topmate.io,https://awards.topmate.io/bookings,https://awards.topmate.io/bookings,https://awards.topmate.io/bookings
Most Bookings '25,13,priyasha_crackxat,https://topmate.io/priyasha_crackxat,"'priyasha_crackxat',",15806,383551,https://topmate-staging.s3.amazonaws.com/nJpNcyqU1EWG7NhQ2mm4LX.jpeg,Priyasha,Founder- CRACK XAT| GDPI Specialist | Interview Guidance| Dean's Merit | List Your Go-To-Girl for queries related to Careers | MBA | Jobs | Internships | Preparation Strategy,https://awards.topmate.io/bookings,https://awards.topmate.io/bookings,https://awards.topmate.io/bookings
Most Bookings '25,14,ramit_kundu,https://topmate.io/ramit_kundu,"'ramit_kundu',",13821,158579,https://topmate-profile-pics.s3.ap-south-1.amazonaws.com/profile_pic_3fb0dc2d-04d5-4fce-90d1-a1cdbe74dcdb.jpeg,Ramit,software engineer at Swiggy,https://awards.topmate.io/bookings,https://awards.topmate.io/bookings,https://awards.topmate.io/bookings
Most Bookings '25,15,letscode,https://topmate.io/letscode,"'letscode',",13637,257839,https://static.topmate.io/sq4XSSvtkriudcUdMPvnVS.jpeg,Lets,Empowering Tech Minds,https://awards.topmate.io/bookings,https://awards.topmate.io/bookings,https://awards.topmate.io/bookings
Most Bookings '25,16,genzcareer,https://topmate.io/genzcareer,"'genzcareer',",12699,231684,https://static.topmate.io/29wpLPr9DLcPJ7j39rJUBd.jpg,GenZ,"I'm a Senior Software Developer with extensive experience in one of the leading multinational corporations. Over the years, I've had the unique opportunity to conduct over 100 interviews, giving me a deep understanding of what it takes to s",https://awards.topmate.io/bookings,https://awards.topmate.io/bookings,https://awards.topmate.io/bookings
Most Bookings '25,17,aman_agarwal247776,https://topmate.io/aman_agarwal247776,"'aman_agarwal247776',",11033,286825,https://static.topmate.io/4vm5g19yAJETvgVJ6ZXSWb.jpeg,Aman,"Hi This is Aman Agarwal  Founder of ""THEBTECHFACTORY "" || TEACHER ||  Mentored 20k+ students so far and many students got placed in Big Tech Companies like TCS from our Channel ""TheBtechFactory"" .",https://awards.topmate.io/bookings,https://awards.topmate.io/bookings,https://awards.topmate.io/bookings
Most Bookings '25,18,ajay_kadiyala,https://topmate.io/ajay_kadiyala,"'ajay_kadiyala',",10972,17047,https://static.topmate.io/95EcRJVWcN21fV2Vb22Wzf.jfif,kadiyala,Hey There! This is Ajay Kadiyala. I help people to crack top Product based Companies.,https://awards.topmate.io/bookings,https://awards.topmate.io/bookings,https://awards.topmate.io/bookings
Most Bookings '25,19,shubhammaloo,https://topmate.io/shubhammaloo,"'shubhammaloo',",10782,22414,https://topmate-staging.s3.amazonaws.com/b2xnpAGrAfgV3uWYQdpLKA.png,CA Shubham,"Finance Influencer, 8+ Years in helping you with Business Setup and Saving your taxes.GST / ROC / Income Tax / GIFT CITY / Personal Branding",https://awards.topmate.io/bookings,https://awards.topmate.io/bookings,https://awards.topmate.io/bookings
Most Bookings '25,20,jhoom_baba,https://topmate.io/jhoom_baba,"'jhoom_baba',",9903,845323,https://static.topmate.io/vfgEkpEzDhinak4BfVkZhB.png,Jhoom,"Placed @ Deloitte (BIG 4) | Ministry of Home Affairs | 215K + Followers Instagram & Youtube | Delhi University @9 CGPA,https://awards.topmate.io/bookings,https://awards.topmate.io/bookings,https://awards.topmate.io/bookings
Your soon to be FAV SENIOR !!",https://awards.topmate.io/your-soon-to-be-fav-senior,https://awards.topmate.io/your-soon-to-be-fav-senior-https-awardstopmateio-your-soon-to-be-fav-senior,https://awards.topmate.io/your-soon-to-be-fav-senior-https-awardstopmateio-your-soon-to-be-fav-seniorhttps-awardstopmateio-your-soon-to-be-fav-senior-https-awardstopmateio-your-soon-to-be-fav-senior
Most Bookings '25,21,sharmilan_vipokan,https://topmate.io/sharmilan_vipokan,"'sharmilan_vipokan',",9897,142429,https://topmate-staging.s3.ap-south-1.amazonaws.com/pMUYYqeeLWoAwmgYU9ouno.png,Sharmilan,"I'm dedicated to helping you land your dream IT job! With experience mentoring 1000+ candidates, I guide you through the job search process, from resume building to interview prep, ensuring your fully equipped to achieve your career goals.",https://awards.topmate.io/bookings,https://awards.topmate.io/bookings,https://awards.topmate.io/bookings
Most Bookings '25,22,kamalnanda,https://topmate.io/kamalnanda,"'kamalnanda',",9521,332842,https://topmate-profile-pics.s3.ap-south-1.amazonaws.com/profile_pic_13936e2b-e464-464b-8b55-e51c3bd9cc20.jpeg,Kamal,"Digital Marketing Manager in Canada & Freelancer,https://awards.topmate.io/bookings,https://awards.topmate.io/bookings,https://awards.topmate.io/bookings
Empowering international students and newcomers to kickstart their careers in Canada.",https://awards.topmate.io/empowering-international-students-and-newcomers-to-kickstart-their-careers-in-canada,https://awards.topmate.io/empowering-international-students-and-newcomers-to-kickstart-their-careers-in-canadahttps-awardstopmateio-empowering-international-students-and-newcomers-to-kickstart-their-careers-in-canada,https://awards.topmate.io/empowering-international-students-and-newcomers-to-kickstart-their-careers-in-canadahttps-awardstopmateio-empowering-international-students-and-newcomers-to-kickstart-their-careers-in-canadahttps-awardstopmateio-empowering-international-students-and-newcomers-to-kickstart-their-careers-in-canadahttps-awardstopmateio-empowering-international-students-and-newcomers-to-kickstart-their-careers-in-canada
Most Bookings '25,23,rajat_jain01,https://topmate.io/rajat_jain01,"'rajat_jain01',",8696,346448,https://topmate-profile-pics.s3.ap-south-1.amazonaws.com/Rajat-Jain-1731575187.jpeg,Rajat,Senior Data Analyst | Microsoft Certified Data Analyst | DAX | Power BI |  | Dashboard Developer | SQL | Power BI Trainer | Mentor | Data Visualization,https://awards.topmate.io/bookings,https://awards.topmate.io/bookings,https://awards.topmate.io/bookings
Most Bookings '25,24,karun,https://topmate.io/karun,"'karun',",8522,66736,https://static.topmate.io/u4K6MfUXfsxZ9438iKDHV4.jpg,Karun,Top Data Mentor (2025) - Here to help you land you next Data Science role,https://awards.topmate.io/bookings,https://awards.topmate.io/bookings,https://awards.topmate.io/bookings
Most Bookings '25,25,shreya_mahendru,https://topmate.io/shreya_mahendru,"'shreya_mahendru',",8366,152345,https://topmate-profile-pics.s3.ap-south-1.amazonaws.com/profile_pic_2db39a8c-1e5b-441c-8258-13baa79fddfd.jpeg,Shreya,"Product for Purpose ✨ | Product @Steer Health | IIM, ESCP drop-out",https://awards.topmate.io/bookings,https://awards.topmate.io/bookings,https://awards.topmate.io/bookings
Most Minutes '25,1,ayush_chaudhary,https://topmate.io/ayush_chaudhary,"'ayush_chaudhary',","81,585",228306,https://static.topmate.io/6TMGx19bms4XdGJvbfo1ur.jpg,Ayush,Psychologist | M.Sc in Clinical Psychology.,https://awards.topmate.io/minutes,https://awards.topmate.io/minutes,https://awards.topmate.io/minutes
Most Minutes '25,2,bharat_varshney,https://topmate.io/bharat_varshney,"'bharat_varshney',","66,345",79957,https://static.topmate.io/2hbAXKJzP6GsDDrYXpGpLw.png,Bharat,"Technical QA Lead | 32K+ Followers | Top 0.1 Mentor | Team Leader & QA Trainer | Agile, DevOps & CI/CD Expert | Driving AI-Powered Test Innovation & Quality | BrowserStack Champion | Selectorshub Ambassdor | Community Contributor",https://awards.topmate.io/minutes,https://awards.topmate.io/minutes,https://awards.topmate.io/minutes
Most Minutes '25,3,ankit_lohiya,https://topmate.io/ankit_lohiya,"'ankit_lohiya',","39,120",265322,https://static.topmate.io/9HZRKNStzeevVZfBcREK4d.jpg,CA Ankit,"CA | Mentoring CA Students, UPSC Aspirants and General Career Counselling 1:1 | 14k+ LinkedIn followers | Tax Columnist | M.Com",https://awards.topmate.io/minutes,https://awards.topmate.io/minutes,https://awards.topmate.io/minutes
Most Minutes '25,4,anurodh_kumar10,https://topmate.io/anurodh_kumar10,"'anurodh_kumar10',","34,965",216668,https://topmate-profile-pics.s3.ap-south-1.amazonaws.com/profile_pic_f31fd64d-7b7a-41b5-816c-9de582e9cb9f.jpeg,Anurodh,PowerBI Developer | Analyzing and Visualizing Data with Microsoft Power BI,https://awards.topmate.io/minutes,https://awards.topmate.io/minutes,https://awards.topmate.io/minutes
Most Minutes '25,5,praveen_thopalle,https://topmate.io/praveen_thopalle,"'praveen_thopalle',","33,885",350566,https://topmate-profile-pics.s3.ap-south-1.amazonaws.com/profile_pic_19ef6326-b3cb-44e3-9dba-90f64394a75e.jpeg,praveen,Senior Software Engineer at DELL EMC | Rator Fellow,https://awards.topmate.io/minutes,https://awards.topmate.io/minutes,https://awards.topmate.io/minutes
Most Minutes '25,6,jagan_coach,https://topmate.io/jagan_coach,"'jagan_coach',","30,390",315260,https://static.topmate.io/eWXTPZEVnd1JD99ZDZMiTQ.png,Jagan,"Ex-CTO / ICF ACC / Executive, Leadership & Career Coach / Mentor",https://awards.topmate.io/minutes,https://awards.topmate.io/minutes,https://awards.topmate.io/minutes
Most Minutes '25,7,mohan_b,https://topmate.io/mohan_b,"'mohan_b',","27,720",432208,https://topmate-profile-pics.s3.ap-south-1.amazonaws.com/profile_pic_844781b6-4a7d-4937-8aaf-b030daca22db.jpeg,Mohan,"Senior Data Analyst @ Mahindra & Mahindra | Power BI | SQL | Python | 3X Microsoft Certified (DP-900, PL-300, PL-900) | Helping Aspiring Analysts Land Top Jobs | Expert in Interview Prep, Resume Reviews & Career Transitions |",https://awards.topmate.io/minutes,https://awards.topmate.io/minutes,https://awards.topmate.io/minutes
Most Minutes '25,8,dr_simmi_roy_mishra,https://topmate.io/dr_simmi_roy_mishra,"'dr_simmi_roy_mishra',","26,040",86283,https://topmate-profile-pics.s3.ap-south-1.amazonaws.com/Dr Simmi Roy-Mishra-1687264014.jpeg,Dr Simmi Roy,Doctor| PCC-ICF| Mindset Coach|,https://awards.topmate.io/minutes,https://awards.topmate.io/minutes,https://awards.topmate.io/minutes
Most Minutes '25,9,kavach_khanna01,https://topmate.io/kavach_khanna01,"'kavach_khanna01',","25,905",44990,https://static.topmate.io/eDjrekgQPAyEoXS6UgGVSs.JPG,Kavach,Mentor You Always Needed,https://awards.topmate.io/minutes,https://awards.topmate.io/minutes,https://awards.topmate.io/minutes
Most Minutes '25,10,harry_singh12,https://topmate.io/harry_singh12,"'harry_singh12',","25,480",231234,https://static.topmate.io/uoEhpSSs52TqJb262PToCT.jpeg,Harry,Professional Visa Consultation,https://awards.topmate.io/minutes,https://awards.topmate.io/minutes,https://awards.topmate.io/minutes
Most Minutes '25,11,iamparagjain,https://topmate.io/iamparagjain,"'iamparagjain',","24,585",95258,https://topmate-staging.s3.amazonaws.com/5nQ6zorMYyF4orMaUjh2jo.png,Parag,"PM Interview Coach | 1100+ FAANG & Bigtech Mentees | 10+ YOE Product & Growth | Coach - Upgrad & Mesa School of Business | Creator - Product Interview Playbook - Crack PM Interview in 1 Week | Ex - Good Glamm Group, Bewakoof, Amoni.",https://awards.topmate.io/minutes,https://awards.topmate.io/minutes,https://awards.topmate.io/minutes
Most Minutes '25,12,witblox,https://topmate.io/witblox,"'witblox',","24,555",39836,https://static.topmate.io/17y75xGE3sfb8Lu1xT2nZK.png,Witblox,"Can solve any doubts regarding Arduino, AI Electronics and many other DIY projects",https://awards.topmate.io/minutes,https://awards.topmate.io/minutes,https://awards.topmate.io/minutes
Most Minutes '25,13,mitravranda,https://topmate.io/mitravranda,"'mitravranda',","23,850",143658,https://static.topmate.io/ffFnaqcxA8a52ZenSiwomg.jpg,Mitravranda,"Counselling Psychologist/Psychotherapist, Former Research Intern at Defence Institute of Psychological Research (DIPR, DRDO) | NLP Practitioner",https://awards.topmate.io/minutes,https://awards.topmate.io/minutes,https://awards.topmate.io/minutes
Most Minutes '25,14,gabhru_in_uk,https://topmate.io/gabhru_in_uk,"'gabhru_in_uk',","23,820",175760,https://static.topmate.io/qqCPk9dk91jTd55tkMj2hf.jpg,Harjeet,gabhru in uk,https://awards.topmate.io/minutes,https://awards.topmate.io/minutes,https://awards.topmate.io/minutes
Most Minutes '25,15,suresh_kumar93,https://topmate.io/suresh_kumar93,"'suresh_kumar93',","23,700",1016109,https://topmate-staging.s3.amazonaws.com/aFxWCksbxX6tS9faN51Aqt.JPG,Suresh,"Hellow Everyone My name is Suresh.,https://awards.topmate.io/minutes,https://awards.topmate.io/minutes,https://awards.topmate.io/minutes
I have 6 years of experience in the capital markets, and over the years, I’ve been able to successfully generate consistent profits using a set of well-tested strategies .,https://awards.topmate.io/i-have-6-years-of-experience-in-the-capital-markets,https://awards.topmate.io/i-have-6-years-of-experience-in-the-capital-markets,https://awards.topmate.io/i-have-6-years-of-experience-in-the-capital-markets
Let’s grow together!",https://awards.topmate.io/lets-grow-together,https://awards.topmate.io/lets-grow-togetherhttps-awardstopmateio-lets-grow-together,https://awards.topmate.io/lets-grow-togetherhttps-awardstopmateio-lets-grow-togetherhttps-awardstopmateio-lets-grow-togetherhttps-awardstopmateio-lets-grow-together
Most Minutes '25,16,anand_narayandas,https://topmate.io/anand_narayandas,"'anand_narayandas',","23,030",7907,https://static.topmate.io/rvgFHfCu6Gj22Ceq6H8bpS.jpeg,Anand,"Product Management, Career & Leadership Coach | Ex-Amazon, BCG, IIM-A (Rank 5), BITS-Pilani | 1000+ sessions, 240+ Reviews, Rated 5/5, Among Top 100 mentors globally | Ex-Product Director | ICF-ACC Trained",https://awards.topmate.io/minutes,https://awards.topmate.io/minutes,https://awards.topmate.io/minutes
Most Minutes '25,17,ajay_kadiyala,https://topmate.io/ajay_kadiyala,"'ajay_kadiyala',","22,620",17047,https://static.topmate.io/95EcRJVWcN21fV2Vb22Wzf.jfif,kadiyala,Hey There! This is Ajay Kadiyala. I help people to crack top Product based Companies.,https://awards.topmate.io/minutes,https://awards.topmate.io/minutes,https://awards.topmate.io/minutes
Most Minutes '25,18,qabytopmate,https://topmate.io/qabytopmate,"'qabytopmate',","21,755",13586,https://static.topmate.io/teYrUZmVeLZhSYL1D2LkXb.jpeg,Topmate,Quality engineer,https://awards.topmate.io/minutes,https://awards.topmate.io/minutes,https://awards.topmate.io/minutes
Most Minutes '25,19,priyasha_crackxat,https://topmate.io/priyasha_crackxat,"'priyasha_crackxat',","21,740",383551,https://topmate-staging.s3.amazonaws.com/nJpNcyqU1EWG7NhQ2mm4LX.jpeg,Priyasha,Founder- CRACK XAT| GDPI Specialist | Interview Guidance| Dean's Merit | List Your Go-To-Girl for queries related to Careers | MBA | Jobs | Internships | Preparation Strategy,https://awards.topmate.io/minutes,https://awards.topmate.io/minutes,https://awards.topmate.io/minutes
Most Minutes '25,20,dr_naveen_nagarajan,https://topmate.io/dr_naveen_nagarajan,"'dr_naveen_nagarajan',","21,640",383635,https://topmate-staging.s3.amazonaws.com/kZSVFyopzVCERtaM4iJSSA.png,Naveen,"Offering evidence-based skin & hair care consultations. Get personalized advice on skin care routines, dandruff and hair loss prevention using proven scientific solutions.",https://awards.topmate.io/minutes,https://awards.topmate.io/minutes,https://awards.topmate.io/minutes
Most Minutes '25,21,anushka_mendonce,https://topmate.io/anushka_mendonce,"'anushka_mendonce',","21,210",162934,https://static.topmate.io/xgMQaRkNwx2ho8sAFLuoya.jpeg,Anushka,Therapist / Counsellor,https://awards.topmate.io/minutes,https://awards.topmate.io/minutes,https://awards.topmate.io/minutes
Most Minutes '25,22,aparna_debnath,https://topmate.io/aparna_debnath,"'aparna_debnath',","20,885",96276,https://static.topmate.io/7CFx9YoRYZFBRXHHpmR66d.jpeg,Aparna,Assistant Vice President at Barclays | Ex-JP Morgan | Product Owner | Lead Business Analyst | Career Coach | Finance | 170k Followers on LinkedIn!,https://awards.topmate.io/minutes,https://awards.topmate.io/minutes,https://awards.topmate.io/minutes
Most Minutes '25,23,sourav_tiwary,https://topmate.io/sourav_tiwary,"'sourav_tiwary',","20,785",156168,https://static.topmate.io/5MgUhGecFwPfWozMyoWUFw.jpeg,Sourav,"I was once 145 kilos — bullied, ashamed, and lost. But that pain became purpose. I dropped 60+ kilos and built Fitshala — a space to heal, not hustle.We don’t do diets or dumb rules. We do habits, healing & hugs (with a lil push 😄).",https://awards.topmate.io/minutes,https://awards.topmate.io/minutes,https://awards.topmate.io/minutes
Most Minutes '25,24,mbawidabhishek,https://topmate.io/mbawidabhishek,"'mbawidabhishek',","19,200",88114,https://topmate-staging.s3.ap-south-1.amazonaws.com/nekVzYLNPk5qmvrZ92mub2.jpeg,Abhishek,"NOTE: If you're not prepared to confront some tough realities, kindly avoid scheduling this session | Everything MBA - in the MOST simplest way. | How to get Jobs | Profile Building | MBA - Colleges, Entrance Preparation | Career",https://awards.topmate.io/minutes,https://awards.topmate.io/minutes,https://awards.topmate.io/minutes
Most Minutes '25,25,sahaja_madhuri,https://topmate.io/sahaja_madhuri,"'sahaja_madhuri',","19,140",202339,https://static.topmate.io/vwuzRkEAk6MJDHNQzGJ5zd.JPG,Sahaja,"Empowering your journey towards growth, balance, and fulfillment,https://awards.topmate.io/minutes,https://awards.topmate.io/minutes,https://awards.topmate.io/minutes
Internationally Accredited Life Coach,https://awards.topmate.io/internationally-accredited-life-coach,https://awards.topmate.io/internationally-accredited-life-coach,https://awards.topmate.io/internationally-accredited-life-coach
Motivator | Creator | Entrepreneur",https://awards.topmate.io/motivator-creator-entrepreneur,https://awards.topmate.io/motivator-creator-entrepreneurhttps-awardstopmateio-motivator-creator-entrepreneur,https://awards.topmate.io/motivator-creator-entrepreneurhttps-awardstopmateio-motivator-creator-entrepreneurhttps-awardstopmateio-motivator-creator-entrepreneurhttps-awardstopmateio-motivator-creator-entrepreneur
Most Testimonials '25,1,priyasha_crackxat,https://topmate.io/priyasha_crackxat,"'priyasha_crackxat',",994,383551,https://topmate-staging.s3.amazonaws.com/nJpNcyqU1EWG7NhQ2mm4LX.jpeg,Priyasha,Founder- CRACK XAT| GDPI Specialist | Interview Guidance| Dean's Merit | List Your Go-To-Girl for queries related to Careers | MBA | Jobs | Internships | Preparation Strategy,https://awards.topmate.io/testimonials,https://awards.topmate.io/testimonials,https://awards.topmate.io/testimonials
Most Testimonials '25,2,dataengineering,https://topmate.io/dataengineering,"'dataengineering',",879,92292,https://static.topmate.io/qsbZkmuK39pi1XoKD2VF36.JPG,Gowtham,Data Engineer | PayPal | YouTuber 290K | Talks Facts Only,https://awards.topmate.io/testimonials,https://awards.topmate.io/testimonials,https://awards.topmate.io/testimonials
Most Testimonials '25,3,ajay_shenoy,https://topmate.io/ajay_shenoy,"'ajay_shenoy',",655,61820,https://static.topmate.io/7Jn6xiUrQsncihaSqFGp6J.png,Ajay,14+ yrs in AI/ML: Industry + IISc PhD | Harman | Target | NITK,https://awards.topmate.io/testimonials,https://awards.topmate.io/testimonials,https://awards.topmate.io/testimonials
Most Testimonials '25,4,codtech_it_solutions,https://topmate.io/codtech_it_solutions,"'codtech_it_solutions',",636,314224,https://static.topmate.io/odFwGNzHETa9MosE4BYiDC.jpeg,CODTECH,Improving Tech Skills 24/7,https://awards.topmate.io/testimonials,https://awards.topmate.io/testimonials,https://awards.topmate.io/testimonials
Most Testimonials '25,5,krishankumar,https://topmate.io/krishankumar,"'krishankumar',",608,352593,https://topmate-profile-pics.s3.ap-south-1.amazonaws.com/profile_pic_d47f74db-b2a3-45ec-801f-5604a5221b5b.jpeg,Krishan,130K+ Linkedin | Software Engineer,https://awards.topmate.io/testimonials,https://awards.topmate.io/testimonials,https://awards.topmate.io/testimonials
Most Testimonials '25,6,nitinjadhav,https://topmate.io/nitinjadhav,"'nitinjadhav',",601,23003,https://static.topmate.io/oBuhcuDRaWb4sjefXHGaRx.png,Nitin,"ENO, CFO @CS (UBS) | Investment Banking | HSBC | Oxford | SEBI (NISM) & NSE Certified | Google Certified Data Analytics Professional | Top 0.1% Mentor @Topmate | Featured on Times Square, NYC",https://awards.topmate.io/testimonials,https://awards.topmate.io/testimonials,https://awards.topmate.io/testimonials
Most Testimonials '25,7,careerwithankita,https://topmate.io/careerwithankita,"'careerwithankita',",582,114514,https://static.topmate.io/xhawk2FdFNpAxcSf3XzaZJ.JPG,Ankita,"9+ Years of Industry Experience | Top Mentor | Flipkart, Tata Steel, MPL, Capgemini | 255k+ Instagram",https://awards.topmate.io/testimonials,https://awards.topmate.io/testimonials,https://awards.topmate.io/testimonials
Most Testimonials '25,8,ayushi_mishra,https://topmate.io/ayushi_mishra,"'ayushi_mishra',",557,33373,https://static.topmate.io/rgkfvvHkqFZFufW3SpzbeZ.png,Ayushi,4+ Years Experienced Data Scientist | Provide Guidance for Data Science | Data Analysis | Mentor | YouTuber,https://awards.topmate.io/testimonials,https://awards.topmate.io/testimonials,https://awards.topmate.io/testimonials
Most Testimonials '25,9,primecoding19,https://topmate.io/primecoding19,"'primecoding19',",537,329333,https://topmate-staging.s3.amazonaws.com/fbjcSdLBa76T3rYXhCEbcu.png,Aditya,"Hi, I’m Aditya Mishra, a Global Hackathon Winner, Founder of Prime Coding (98% MNC placement rate), and YouTuber with 55k+ subs. I mentor students to excel in coding, placements, and hackathons. Let’s turn your challenges into success! 🚀",https://awards.topmate.io/testimonials,https://awards.topmate.io/testimonials,https://awards.topmate.io/testimonials
Most Testimonials '25,10,sharmilan_vipokan,https://topmate.io/sharmilan_vipokan,"'sharmilan_vipokan',",536,142429,https://topmate-staging.s3.ap-south-1.amazonaws.com/pMUYYqeeLWoAwmgYU9ouno.png,Sharmilan,"I'm dedicated to helping you land your dream IT job! With experience mentoring 1000+ candidates, I guide you through the job search process, from resume building to interview prep, ensuring your fully equipped to achieve your career goals.",https://awards.topmate.io/testimonials,https://awards.topmate.io/testimonials,https://awards.topmate.io/testimonials
Most Testimonials '25,11,ankit_lohiya,https://topmate.io/ankit_lohiya,"'ankit_lohiya',",486,265322,https://static.topmate.io/9HZRKNStzeevVZfBcREK4d.jpg,CA Ankit,"CA | Mentoring CA Students, UPSC Aspirants and General Career Counselling 1:1 | 14k+ LinkedIn followers | Tax Columnist | M.Com",https://awards.topmate.io/testimonials,https://awards.topmate.io/testimonials,https://awards.topmate.io/testimonials
Most Testimonials '25,12,kavach_khanna01,https://topmate.io/kavach_khanna01,"'kavach_khanna01',",483,44990,https://static.topmate.io/eDjrekgQPAyEoXS6UgGVSs.JPG,Kavach,Mentor You Always Needed,https://awards.topmate.io/testimonials,https://awards.topmate.io/testimonials,https://awards.topmate.io/testimonials
Most Testimonials '25,13,thisis_alaska,https://topmate.io/thisis_alaska,"'thisis_alaska',",480,316534,https://static.topmate.io/fJpa4r45eN2EHHsNZxoZmG.jpg,Nandini,Delhi University Gold Medalist | Founder & CEO at The Invincible Academy | Founder at Aparajita Foundation | Career Coach & CUET Mentor | Content Creator YT & IG  : 500k+,https://awards.topmate.io/testimonials,https://awards.topmate.io/testimonials,https://awards.topmate.io/testimonials
Most Testimonials '25,14,sumit_goyal10,https://topmate.io/sumit_goyal10,"'sumit_goyal10',",463,85713,https://topmate-staging.s3.amazonaws.com/gJxha1gaNNiJgoWyrFkkif.jfif,sumit,7 yrs Exp | 50 k + Linkedin | Senior QA Engineer | Selenium | Playwright | Devops | Java | Javascript | Typescript,https://awards.topmate.io/testimonials,https://awards.topmate.io/testimonials,https://awards.topmate.io/testimonials
Most Testimonials '25,15,greatstack,https://topmate.io/greatstack,"'greatstack',",424,179456,https://topmate-staging.s3.ap-south-1.amazonaws.com/beCDTUkJdRgHCR2iz15nEZ.png,Avinash,"I like to teach aspiring web developers at ""GreatStack"" how to code and get their dream job.",https://awards.topmate.io/testimonials,https://awards.topmate.io/testimonials,https://awards.topmate.io/testimonials
Most Testimonials '25,16,advocate_manik_goyal,https://topmate.io/advocate_manik_goyal,"'advocate_manik_goyal',",414,413906,https://topmate-profile-pics.s3.ap-south-1.amazonaws.com/Advocate Manik-Goyal-1737907312.jpeg,Advocate Manik,Your One Stop Informational Lawyer!,https://awards.topmate.io/testimonials,https://awards.topmate.io/testimonials,https://awards.topmate.io/testimonials
Most Testimonials '25,17,sanabhateja,https://topmate.io/sanabhateja,"'sanabhateja',",394,938859,https://static.topmate.io/1v6d17vCu3NHdqrkFVd5SQ.jpeg,Sana,CUET Guidance | Career Guidance | Du Student | Co founder The Inquisitive Mind | Biology Teacher,https://awards.topmate.io/testimonials,https://awards.topmate.io/testimonials,https://awards.topmate.io/testimonials
Most Testimonials '25,18,lets_connect_with_pragya,https://topmate.io/lets_connect_with_pragya,"'lets_connect_with_pragya',",390,65573,https://static.topmate.io/sonNisvutwh5u6KdyotLzp.jpg,Pragya,"Data Engineer @7-ELEVEN | Data Analytics Mentor | SQL ,Excel,Pyspark and Power BI Instructor | Get a Dedicated Roadmap for Learning Data Analytics",https://awards.topmate.io/testimonials,https://awards.topmate.io/testimonials,https://awards.topmate.io/testimonials
Most Testimonials '25,19,dr_naveen_nagarajan,https://topmate.io/dr_naveen_nagarajan,"'dr_naveen_nagarajan',",357,383635,https://topmate-staging.s3.amazonaws.com/kZSVFyopzVCERtaM4iJSSA.png,Naveen,"Offering evidence-based skin & hair care consultations. Get personalized advice on skin care routines, dandruff and hair loss prevention using proven scientific solutions.",https://awards.topmate.io/testimonials,https://awards.topmate.io/testimonials,https://awards.topmate.io/testimonials
Most Testimonials '25,20,ashok_aggarwal,https://topmate.io/ashok_aggarwal,"'ashok_aggarwal',",352,107005,https://static.topmate.io/sGL6XrQiR5xDTEPGXg6oSN.jpeg,Ashok,"429k+ @ Instagram | 10k @ Youtube | Prev. Founder's Office @ Unstop | Invest India (Govt of India) | Guest @ LSR, SRCC, Miranda House | Incisiv, New York (Research Intern)| Not a mentor!",https://awards.topmate.io/testimonials,https://awards.topmate.io/testimonials,https://awards.topmate.io/testimonials
Most Testimonials '25,21,jhoom_baba,https://topmate.io/jhoom_baba,"'jhoom_baba',",351,845323,https://static.topmate.io/vfgEkpEzDhinak4BfVkZhB.png,Jhoom,"Placed @ Deloitte (BIG 4) | Ministry of Home Affairs | 215K + Followers Instagram & Youtube | Delhi University @9 CGPA,https://awards.topmate.io/testimonials,https://awards.topmate.io/testimonials,https://awards.topmate.io/testimonials
Your soon to be FAV SENIOR !!",https://awards.topmate.io/your-soon-to-be-fav-senior,https://awards.topmate.io/your-soon-to-be-fav-senior-https-awardstopmateio-your-soon-to-be-fav-senior,https://awards.topmate.io/your-soon-to-be-fav-senior-https-awardstopmateio-your-soon-to-be-fav-seniorhttps-awardstopmateio-your-soon-to-be-fav-senior-https-awardstopmateio-your-soon-to-be-fav-senior
Most Testimonials '25,22,knightofsteel,https://topmate.io/knightofsteel,"'knightofsteel',",349,70098,https://static.topmate.io/vr6httS6AoXySETTg9Df6r.jpeg,Arjun,Working on Men's Mental Health | Making Research Fun | MA Psychology,https://awards.topmate.io/testimonials,https://awards.topmate.io/testimonials,https://awards.topmate.io/testimonials
Most Testimonials '25,23,dibhanshu_saurav,https://topmate.io/dibhanshu_saurav,"'dibhanshu_saurav',",347,47722,https://topmate-staging.s3.amazonaws.com/mHMtPTXZZ288zfmQKZ1TXM.jpeg,Dibhanshu,"Business Analyst Mentor | Mentored 1200+ Folks I 40k+ @LinkedIn I Buidling PIBA I Helping Crack BA JobsPIBA Alumni’s @ EY, PwC, Deloitte, McKinsey, Wells Fargo, NTT Data, McKinsey, Deloitte, KPMG, UST, Unisys, Eaton, Wells Fargo",https://awards.topmate.io/testimonials,https://awards.topmate.io/testimonials,https://awards.topmate.io/testimonials
Most Testimonials '25,24,ajay_kadiyala,https://topmate.io/ajay_kadiyala,"'ajay_kadiyala',",314,17047,https://static.topmate.io/95EcRJVWcN21fV2Vb22Wzf.jfif,kadiyala,Hey There! This is Ajay Kadiyala. I help people to crack top Product based Companies.,https://awards.topmate.io/testimonials,https://awards.topmate.io/testimonials,https://awards.topmate.io/testimonials
Most Testimonials '25,25,pradeep_analyst,https://topmate.io/pradeep_analyst,"'pradeep_analyst',",284,215977,https://static.topmate.io/aFDtmCkeUs2KazBw269y4u.png,Pradeep,"I help professionals with job search strategies, profile reviews, and optimization—while guiding them to make the right moves (and avoid the wrong ones) to land their dream role.",https://awards.topmate.io/testimonials,https://awards.topmate.io/testimonials,https://awards.topmate.io/testimonials
5/5 Rated '25,1,nitinjadhav,https://topmate.io/nitinjadhav,"'nitinjadhav',",603,23003,https://static.topmate.io/oBuhcuDRaWb4sjefXHGaRx.png,Nitin,"ENO, CFO @CS (UBS) | Investment Banking | HSBC | Oxford | SEBI (NISM) & NSE Certified | Google Certified Data Analytics Professional | Top 0.1% Mentor @Topmate | Featured on Times Square, NYC",https://awards.topmate.io/five-star,https://awards.topmate.io/five-star,https://awards.topmate.io/five-star
5/5 Rated '25,2,ishaan_anand,https://topmate.io/ishaan_anand,"'ishaan_anand',",225,154871,https://topmate-profile-pics.s3.ap-south-1.amazonaws.com/profile_pic_8a7e7127-787d-4940-af1b-3f1e39176874.jpeg,Ishaan,"Seasoned Product Leader with 10+ years of experience in launching, scaling, and managing enterprise products. As a career coach I love to mentor budding PMs and MBA aspirants.",https://awards.topmate.io/five-star,https://awards.topmate.io/five-star,https://awards.topmate.io/five-star
5/5 Rated '25,3,ambikhaa_devim,https://topmate.io/ambikhaa_devim,"'ambikhaa_devim',",176,622665,https://static.topmate.io/6CdVbgpaiXpfawDPrgYNft.jpg,Ambikhaa,Career Mentor | Tech Educator | Resumes | LinkedIn Optimization | Interview Coach | Mock Interview | Network Strategy | Helping Students & Professionals to Land Their Dream Jobs.,https://awards.topmate.io/five-star,https://awards.topmate.io/five-star,https://awards.topmate.io/five-star
5/5 Rated '25,4,paritosh_anand,https://topmate.io/paritosh_anand,"'paritosh_anand',",115,134799,https://static.topmate.io/3Gx8aHwoKY7E4v31k8FU7T.png,Paritosh,Top 0.1% Startup Mentor on Topmate |Startup Founder | IIM-A Alumnus | Lean Six Sigma Master Black Belt,https://awards.topmate.io/five-star,https://awards.topmate.io/five-star,https://awards.topmate.io/five-star
5/5 Rated '25,5,tuskertron,https://topmate.io/tuskertron,"'tuskertron',",102,361597,https://static.topmate.io/rfNUVzoecRWJQVbBeQ9uqk.jpg,Tuskertron,Fueling Enterprise Growth by Forging Failproof User Centric Software,https://awards.topmate.io/five-star,https://awards.topmate.io/five-star,https://awards.topmate.io/five-star
5/5 Rated '25,6,johnson_xavier,https://topmate.io/johnson_xavier,"'johnson_xavier',",69,435560,https://topmate-staging.s3.amazonaws.com/oXqpnmqSUXnYZS3199o2fM.PNG,Johnson,"Agile and Career Coach, Program Management Expert, JIRA Trainer, SAFe Program Consultant. Trained 1000+ People in Agile across the Globe.  Enabled 70+ SAFe Certification as a corporate Trainer. Played roles of SM, RTE, Delivery Manager, etc",https://awards.topmate.io/five-star,https://awards.topmate.io/five-star,https://awards.topmate.io/five-star
5/5 Rated '25,7,yadnesh_nikam,https://topmate.io/yadnesh_nikam,"'yadnesh_nikam',",57,249608,https://topmate-profile-pics.s3.ap-south-1.amazonaws.com/profile_pic_43761631-72a5-4d43-84d7-d364f184c304.jpeg,Yadnesh,"DevOps & MLOps Specialist | Docker Captain | Mentor | Speaker | Trainer | Helping Teams Build Scalable, AI-Ready Infra | 20K followers on Linkedin | CKA • CKS • Terraform Associate",https://awards.topmate.io/five-star,https://awards.topmate.io/five-star,https://awards.topmate.io/five-star
5/5 Rated '25,8,shivam_parashar0,https://topmate.io/shivam_parashar0,"'shivam_parashar0',",57,1555118,https://static.topmate.io/8MZwP8iy1WmGtrSd9JAXr2.jpg,Shivam,The 360° Growth & Strategy Specialist | Business strategist | Political strategist | Relationship strategist | Career strategist |,https://awards.topmate.io/five-star,https://awards.topmate.io/five-star,https://awards.topmate.io/five-star
5/5 Rated '25,9,anurag_ingole,https://topmate.io/anurag_ingole,"'anurag_ingole',",51,320129,https://topmate-profile-pics.s3.ap-south-1.amazonaws.com/profile_pic_df1a842d-d05a-495e-9647-8921c1cb4c17.jpeg,Anurag,"Project Manager, Wellness Counsellor,https://awards.topmate.io/five-star,https://awards.topmate.io/five-star,https://awards.topmate.io/five-star
BTech, MBA, PMP, 2xMA, PGD",https://awards.topmate.io/btech,https://awards.topmate.io/btech,https://awards.topmate.io/btech
5/5 Rated '25,10,shaikh_minhaj,https://topmate.io/shaikh_minhaj,"'shaikh_minhaj',",51,417550,https://static.topmate.io/3qiAXCG4HaLG3EJ85FgEJj.png,Shaikh,"Verified Mentor | Tech & Career Guide | Data Science, Development, Cybersecurity & IT Roadmaps | Helping Students & Professionals Build Careers with Clarity | Digital Growth Enthusiast",https://awards.topmate.io/five-star,https://awards.topmate.io/five-star,https://awards.topmate.io/five-star
5/5 Rated '25,11,ash_baskaran,https://topmate.io/ash_baskaran,"'ash_baskaran',",48,1430741,https://topmate-profile-pics.s3.ap-south-1.amazonaws.com/Ash-Baskaran-1757607779.jpeg,Ash,"Leading people to build holistic lives and thriving careers —MAANG & Beyond│ AI & Fintech Product Leader (Azure, AWS, Toyota)│ Founder & Life Coach @ Alchemy│ Guided 1000s in Reinvention│ Advocate •Chef •Speaker •Traveler •Writer│Bonvivant",https://awards.topmate.io/five-star,https://awards.topmate.io/five-star,https://awards.topmate.io/five-star
5/5 Rated '25,12,arpita_das1,https://topmate.io/arpita_das1,"'arpita_das1',",48,893471,https://topmate-profile-pics.s3.ap-south-1.amazonaws.com/profile_pic_fb297107-aa7f-4642-b39e-f04f3ff63950.jpeg,Arpita,"Software Engineer 3 @ Google | ex-Microsoft, ex-SAP",https://awards.topmate.io/five-star,https://awards.topmate.io/five-star,https://awards.topmate.io/five-star
5/5 Rated '25,13,gauravpathak,https://topmate.io/gauravpathak,"'gauravpathak',",48,258958,https://topmate-staging.s3.amazonaws.com/4BTM81AWtisUnUNj45TWBw.jpg,Gaurav,Product Management & Project Management Mentor | Interview Coach | People Leadership Trainer | Mental Health Advocate | Career Coach,https://awards.topmate.io/five-star,https://awards.topmate.io/five-star,https://awards.topmate.io/five-star
5/5 Rated '25,14,evolution_nick_consultation,https://topmate.io/evolution_nick_consultation,"'evolution_nick_consultation',",47,330482,https://static.topmate.io/3svPLrEPVQCk8TQgS9SwJ2.jpg,Nikhil,"Looking for the perfect car? I offer expert advice on choosing the right vehicle, finding the best deals, and navigating the buying process. Let’s make your car purchase smooth and stress-free! 🚗✨ Book a session now!",https://awards.topmate.io/five-star,https://awards.topmate.io/five-star,https://awards.topmate.io/five-star
5/5 Rated '25,15,ayush_matcha,https://topmate.io/ayush_matcha,"'ayush_matcha',",47,1246648,https://topmate-profile-pics.s3.ap-south-1.amazonaws.com/profile_pic_d096f7dd-a4ab-40b1-aaf0-f6d14b1c6867.jpeg,Ayush,"Mentor for CAT, OMETs, and B-School Admissions",https://awards.topmate.io/five-star,https://awards.topmate.io/five-star,https://awards.topmate.io/five-star
5/5 Rated '25,16,anshul_gandhi,https://topmate.io/anshul_gandhi,"'anshul_gandhi',",43,596595,https://static.topmate.io/4iBKtPok544mCp5gUQdnrc.png,Anshul,AI Engineering | Data Science | Breaking Into Big Tech| Career Growth,https://awards.topmate.io/five-star,https://awards.topmate.io/five-star,https://awards.topmate.io/five-star
5/5 Rated '25,17,sahirmaharaj,https://topmate.io/sahirmaharaj,"'sahirmaharaj',",42,3295,https://static.topmate.io/aZC2tZxXGugLP2y6sASQQS.png,Sahir,Lead Data Scientist | AI / ML Engineer,https://awards.topmate.io/five-star,https://awards.topmate.io/five-star,https://awards.topmate.io/five-star
5/5 Rated '25,18,aadityaanaik,https://topmate.io/aadityaanaik,"'aadityaanaik',",40,336658,https://topmate-staging.s3.amazonaws.com/h9fEyuBpkK1oKJYTfbEHCr.jpeg,Aditya,Data Engineer at TikTok,https://awards.topmate.io/five-star,https://awards.topmate.io/five-star,https://awards.topmate.io/five-star
5/5 Rated '25,19,ravinder_singh12,https://topmate.io/ravinder_singh12,"'ravinder_singh12',",40,183984,https://static.topmate.io/qLY6uaVm3Ez3u6b7aMAeH8.jpeg,Ravinder,"With 6+ years in fitness, I help busy people build real strength through practical nutrition and simple lifestyle upgrades for better health and quality of life. On a mission to transform 10k lives by 2027💪",https://awards.topmate.io/five-star,https://awards.topmate.io/five-star,https://awards.topmate.io/five-star
5/5 Rated '25,20,meet_sagar,https://topmate.io/meet_sagar,"'meet_sagar',",40,597116,https://static.topmate.io/uuexiJTry8DXfWDz71yokn.jpeg,Sagar,AI/ML Leader & Data Science Innovator | 10+ Patents & Peer-Reviewed Publications | BCS Fellow | IEEE Senior Member | Award-Winning Innovator | Global Keynote Speaker | Mentor to 12K+ | Career Coach for Data Scientists,https://awards.topmate.io/five-star,https://awards.topmate.io/five-star,https://awards.topmate.io/five-star
5/5 Rated '25,21,varun760,https://topmate.io/varun760,"'varun760',",39,1533440,https://static.topmate.io/jQUNSnjst1zsiBs4Mhvp9a.jpeg,Varun,Entrepreneur | Author | Speaker,https://awards.topmate.io/five-star,https://awards.topmate.io/five-star,https://awards.topmate.io/five-star
5/5 Rated '25,22,saarthak,https://topmate.io/saarthak,"'saarthak',",39,25074,https://topmate-staging.s3.ap-south-1.amazonaws.com/jwEbCcCCYYmeY6NCFo2jBA.png,Saarthak,"Career Mentor | Interview Specialist | IBM | MBA, MICA | Ex - P&G, HUL, Swiggy Dineout, Magicpin | Marketing, Brand Manager, Category, Ecommerce",https://awards.topmate.io/five-star,https://awards.topmate.io/five-star,https://awards.topmate.io/five-star
5/5 Rated '25,23,harvendra_singh,https://topmate.io/harvendra_singh,"'harvendra_singh',",38,942743,https://static.topmate.io/s2ZpoHUPePLC7S1Wx1ouDE.jpg,Harvendra,"Cloud Engineering & Architecture expert driving digital transformation. Skilled in cloud-native solutions (Azure, GCP, K8s), microservices, DevOps, data engineering & AI.",https://awards.topmate.io/five-star,https://awards.topmate.io/five-star,https://awards.topmate.io/five-star
5/5 Rated '25,24,tuansihan,https://topmate.io/tuansihan,"'tuansihan',",38,335675,https://static.topmate.io/nW1ao9fcD97eMKqBTiJXnt.jpeg,Tuan,Let's get you a job in Data,https://awards.topmate.io/five-star,https://awards.topmate.io/five-star,https://awards.topmate.io/five-star
5/5 Rated '25,25,swapnil_mule,https://topmate.io/swapnil_mule,"'swapnil_mule',",38,10783,https://static.topmate.io/nVg3w6cbFtsoKQMArUvQEt.png,Swapnil,"Head of Digital Marketing & Recruitment (Germany) | Work-Abroad Mentor | MSc in Management | Edu. Content Creator,https://awards.topmate.io/five-star,https://awards.topmate.io/five-star,https://awards.topmate.io/five-star
Helping professionals launch careers in Europe with clear, practical guidance.",https://awards.topmate.io/helping-professionals-launch-careers-in-europe-with-clear,https://awards.topmate.io/helping-professionals-launch-careers-in-europe-with-clear,https://awards.topmate.io/helping-professionals-launch-careers-in-europe-with-clear
Most Growth '25,1,diwakar,https://topmate.io/diwakar,"'diwakar',",834.30%,318,https://static.topmate.io/iArsT7edVR62Jo8481BKyk.jpg,Diwakar,Top 1% LinkedIn Creator in Canada (Based on Favikon Ranking in Canada) || Building BA Helpline & ZSkill Academy || Simplifying Business Analysis ➡️ Examples|| Author : How to Start Freelancing As a Business Analyst 📚,https://awards.topmate.io/growth,https://awards.topmate.io/growth,https://awards.topmate.io/growth
Most Growth '25,2,aashin,https://topmate.io/aashin,"'aashin',",669.33%,118948,https://static.topmate.io/pGcD9f6qX1N8FkkcWD3dCE.png,Aashin,"Start Your Business in UK Support for UK Sponsorship Jobs, Visas & More",https://awards.topmate.io/growth,https://awards.topmate.io/growth,https://awards.topmate.io/growth
Most Growth '25,3,learnwiththeatrewala,https://topmate.io/learnwiththeatrewala,"'learnwiththeatrewala',",603.77%,350639,https://static.topmate.io/8E9ogche7Ny1CDQEfR2WPJ.png,Learn with,"Take your acting to the next level with personalised coaching at Theatrewala—where we help you bring out your best, on screen and stage.",https://awards.topmate.io/growth,https://awards.topmate.io/growth,https://awards.topmate.io/growth
Most Growth '25,4,dataengineering,https://topmate.io/dataengineering,"'dataengineering',",547.58%,92292,https://static.topmate.io/qsbZkmuK39pi1XoKD2VF36.JPG,Gowtham,Data Engineer | PayPal | YouTuber 290K | Talks Facts Only,https://awards.topmate.io/growth,https://awards.topmate.io/growth,https://awards.topmate.io/growth
Most Growth '25,5,anuj_niranjan,https://topmate.io/anuj_niranjan,"'anuj_niranjan',",313.02%,18018,https://topmate-profile-pics.s3.ap-south-1.amazonaws.com/Anuj-Niranjan-1666955066.jpeg,Anuj,11+ yrs in Investing/Trading: Industry + IIT Bombay B.Tech & Masters | Citibank |ISB,https://awards.topmate.io/growth,https://awards.topmate.io/growth,https://awards.topmate.io/growth
Most Growth '25,6,archana_goyal,https://topmate.io/archana_goyal,"'archana_goyal',",282.66%,146925,https://topmate-profile-pics.s3.ap-south-1.amazonaws.com/profile_pic_0cfec32f-1f8c-433b-b004-a498692fbc13.jpeg,Archana,"Staff Engineer at Conviva ❤️ | Ex- VP(Data Architect) at Morgan Stanley😊 | Ex-Senior Data Engineer at Intel Security ✍️| Ex-Data Engineer at HP| 10K  Post Impression on Medium | Data Engineering, ML and Bigdata Mentor 📊",https://awards.topmate.io/growth,https://awards.topmate.io/growth,https://awards.topmate.io/growth
Most Growth '25,7,code_bashers,https://topmate.io/code_bashers,"'code_bashers',",267.39%,4308,https://static.topmate.io/f8JWKvMnBNyjtQ59gxLhVn.png,Code,"Guys if u face Any Problem in booking slot , u can mail us at bashers.code@gmail.com or write a query using below service.",https://awards.topmate.io/growth,https://awards.topmate.io/growth,https://awards.topmate.io/growth
Most Growth '25,8,marina_wyss,https://topmate.io/marina_wyss,"'marina_wyss',",256.01%,350216,https://static.topmate.io/esfxx5Y8ECRdTRcQsP5USp.jpg,Marina,Senior Machine Learning Scientist at Twitch/Amazon,https://awards.topmate.io/growth,https://awards.topmate.io/growth,https://awards.topmate.io/growth
Most Growth '25,9,abhishekbhardwaj,https://topmate.io/abhishekbhardwaj,"'abhishekbhardwaj',",252.36%,65149,https://topmate-profile-pics.s3.ap-south-1.amazonaws.com/profile_pic_a7ec5559-a33c-4846-8f0e-854b9a6fe1ab.jpeg,Abhishek,Product @Square | Passionate about Product Management and helping PMs succeed.,https://awards.topmate.io/growth,https://awards.topmate.io/growth,https://awards.topmate.io/growth
Most Growth '25,10,chempractice,https://topmate.io/chempractice,"'chempractice',",239.90%,75727,https://static.topmate.io/qTtepWy24mEpH3nSo7q7Ws.jpg,vishakha,"I am a professional Chemical Engineer working in the oil & gas industry with over 3 years of experience.For the past 3+ years, I've been offering guidance to students/professionals in their coursework, exams, interview preparation, project",https://awards.topmate.io/growth,https://awards.topmate.io/growth,https://awards.topmate.io/growth
Most Growth '25,11,nidhi_nagori,https://topmate.io/nidhi_nagori,"'nidhi_nagori',",220.84%,31269,https://static.topmate.io/w5anXVKjbvvVpy9HyuzSdZ.png,Nidhi,"CA, CPA (🇺🇸,🇨🇦) CISA | Worked in 30 countries✈️",https://awards.topmate.io/growth,https://awards.topmate.io/growth,https://awards.topmate.io/growth
Most Growth '25,12,ankita_gulati,https://topmate.io/ankita_gulati,"'ankita_gulati',",215.25%,19833,https://static.topmate.io/gZYBbhmr9xf2JC1NvnDuuj.png,Ankita,Data Engineer | Guiding individuals aspiring for job opportunities,https://awards.topmate.io/growth,https://awards.topmate.io/growth,https://awards.topmate.io/growth
Most Growth '25,13,vivek_kumar52,https://topmate.io/vivek_kumar52,"'vivek_kumar52',",181.28%,241196,https://static.topmate.io/cvqfPU15521MFmauRR3i2f.jpeg,Vivek,🎯 Your Go-To Interview Mentor | 🏆Specializing in DA & BA Role Transitions  | 📊 🧑‍🔬 Data Science  | 🎭 🗣️ Mock Interviews,https://awards.topmate.io/growth,https://awards.topmate.io/growth,https://awards.topmate.io/growth
Most Growth '25,14,gabhru_in_uk,https://topmate.io/gabhru_in_uk,"'gabhru_in_uk',",180.45%,175760,https://static.topmate.io/qqCPk9dk91jTd55tkMj2hf.jpg,Harjeet,gabhru in uk,https://awards.topmate.io/growth,https://awards.topmate.io/growth,https://awards.topmate.io/growth
Most Growth '25,15,shubham_wadekar,https://topmate.io/shubham_wadekar,"'shubham_wadekar',",179.65%,192597,https://static.topmate.io/pGbDwovAjJJLnk26TPz6D4.jpg,Shubham,"Hi, I am Shubham Wadekar. I guide people aspiring for Data Engineer roles.",https://awards.topmate.io/growth,https://awards.topmate.io/growth,https://awards.topmate.io/growth
Most Growth '25,16,rounaq_bakshi,https://topmate.io/rounaq_bakshi,"'rounaq_bakshi',",172.57%,333468,https://static.topmate.io/7rDb4siKjT1BnNmukw2Sdx.png,Rounaq,Investing since 2012,https://awards.topmate.io/growth,https://awards.topmate.io/growth,https://awards.topmate.io/growth
Most Growth '25,17,ajay_shenoy,https://topmate.io/ajay_shenoy,"'ajay_shenoy',",171.89%,61820,https://static.topmate.io/7Jn6xiUrQsncihaSqFGp6J.png,Ajay,14+ yrs in AI/ML: Industry + IISc PhD | Harman | Target | NITK,https://awards.topmate.io/growth,https://awards.topmate.io/growth,https://awards.topmate.io/growth
Most Growth '25,18,bhagwat_bhokare,https://topmate.io/bhagwat_bhokare,"'bhagwat_bhokare',",168.55%,123605,https://static.topmate.io/ddtSKCk5eW9EY7kuEVV5RS.jpeg,Bhagwat,SAP Techno functional consultant | FICO | MM | ABAP | SAP Practice server provider | Freelance Trainer | Trained 2100+ Student and industrial professional | YouTube 3.27K+ | LinkedIn 20K +,https://awards.topmate.io/growth,https://awards.topmate.io/growth,https://awards.topmate.io/growth
Most Growth '25,19,mentoringbyaneri,https://topmate.io/mentoringbyaneri,"'mentoringbyaneri',",152.54%,375203,https://topmate-staging.s3.amazonaws.com/6s3VQUmofgA9PkLe6FZeZ3.png,Aneri,"Fashion Designer| Career Counsellor| Business Coach1:1 Fashion Career & Business Consultation for fashion brands, designers | NIFT Alumnus 2015",https://awards.topmate.io/growth,https://awards.topmate.io/growth,https://awards.topmate.io/growth
Most Growth '25,20,sheetmetric,https://topmate.io/sheetmetric,"'sheetmetric',",136.13%,234568,https://static.topmate.io/nhY1aXase61C1GF8cTcBAy.png,SheetMetric,Google Sheets | Stock Market |5k+YouTube | Trading | Investing | IIT+IIM | Start-ups,https://awards.topmate.io/growth,https://awards.topmate.io/growth,https://awards.topmate.io/growth
Most Growth '25,21,pinapathruni_saikiran,https://topmate.io/pinapathruni_saikiran,"'pinapathruni_saikiran',",134.65%,179313,https://static.topmate.io/u7Yzfx8Tdwn4WfVZeHt1yQ.png,Saikiran,"Offering expert insights, tailored mock interviews, and practical advice to help you ace DevOps",https://awards.topmate.io/growth,https://awards.topmate.io/growth,https://awards.topmate.io/growth
Most Growth '25,22,tanmay_goel,https://topmate.io/tanmay_goel,"'tanmay_goel',",131.87%,3953,https://static.topmate.io/wYK1p1qfQBchCCuuDkds7u.png,Tanmay,Software Engineer at Qualcomm | Ex - National Instruments | From tier-3 college,https://awards.topmate.io/growth,https://awards.topmate.io/growth,https://awards.topmate.io/growth
Most Growth '25,23,sdejobsandinternships,https://topmate.io/sdejobsandinternships,"'sdejobsandinternships',",123.90%,274282,https://static.topmate.io/6aK1FByyykUPSUfXmSorab.jpg,SDE,We are offering referral opportunities for internships and full-time jobs. We hope this helps you in building your corporate journey.,https://awards.topmate.io/growth,https://awards.topmate.io/growth,https://awards.topmate.io/growth
Most Growth '25,24,mentorsachin,https://topmate.io/mentorsachin,"'mentorsachin',",102.45%,106211,https://static.topmate.io/huziwLEvWURoTjR1qgzc4X.png,Sachin Chandrashekhar,On a mission to help 10000 data professionals get upskilled in AWS Data Engineering!,https://awards.topmate.io/growth,https://awards.topmate.io/growth,https://awards.topmate.io/growth
Most Growth '25,25,shubham_shubham11,https://topmate.io/shubham_shubham11,"'shubham_shubham11',",101.05%,723536,https://static.topmate.io/3HUkHNdPD9DPL9Zu95WZ76.png,Shubham,Designs Wonders For App and Websites,https://awards.topmate.io/growth,https://awards.topmate.io/growth,https://awards.topmate.io/growth
Most 1:1 Meeting '25,1,ayush_chaudhary,https://topmate.io/ayush_chaudhary,"'ayush_chaudhary',",1296,228306,https://static.topmate.io/6TMGx19bms4XdGJvbfo1ur.jpg,Ayush,Psychologist | M.Sc in Clinical Psychology.,https://awards.topmate.io/one-on-one,https://awards.topmate.io/one-on-one,https://awards.topmate.io/one-on-one
Most 1:1 Meeting '25,2,harry_singh12,https://topmate.io/harry_singh12,"'harry_singh12',",1219,231234,https://static.topmate.io/uoEhpSSs52TqJb262PToCT.jpeg,Harry,Professional Visa Consultation,https://awards.topmate.io/one-on-one,https://awards.topmate.io/one-on-one,https://awards.topmate.io/one-on-one
Most 1:1 Meeting '25,3,dr_naveen_nagarajan,https://topmate.io/dr_naveen_nagarajan,"'dr_naveen_nagarajan',",875,383635,https://topmate-staging.s3.amazonaws.com/kZSVFyopzVCERtaM4iJSSA.png,Naveen,"Offering evidence-based skin & hair care consultations. Get personalized advice on skin care routines, dandruff and hair loss prevention using proven scientific solutions.",https://awards.topmate.io/one-on-one,https://awards.topmate.io/one-on-one,https://awards.topmate.io/one-on-one
Most 1:1 Meeting '25,4,kavach_khanna01,https://topmate.io/kavach_khanna01,"'kavach_khanna01',",803,44990,https://static.topmate.io/eDjrekgQPAyEoXS6UgGVSs.JPG,Kavach,Mentor You Always Needed,https://awards.topmate.io/one-on-one,https://awards.topmate.io/one-on-one,https://awards.topmate.io/one-on-one
Most 1:1 Meeting '25,5,caghanshyam,https://topmate.io/caghanshyam,"'caghanshyam',",787,10607,https://topmate-staging.s3.ap-south-1.amazonaws.com/sFjG9Th5KTWq3tvEpuzr3u.jpg,GSPrime Mentorship - CA Ghanshyam,Hi I Am CA Ghanshyam Agarwal post qualification 5 yrs experience working in Big4 Pwc ey kpmg and top consulting firm in Audit Tax finance domains helped CA MBA finance CMA Bcom Mcom in career counseling Interview Preparation job search,https://awards.topmate.io/one-on-one,https://awards.topmate.io/one-on-one,https://awards.topmate.io/one-on-one
Most 1:1 Meeting '25,6,astrokarak,https://topmate.io/astrokarak,"'astrokarak',",511,267245,https://static.topmate.io/7XuvVQRLzUXnacw3aNZCwe.jpg,Pranjal,"Vedic Astrology ConsultantConsultations, E-Books, and Courses",https://awards.topmate.io/one-on-one,https://awards.topmate.io/one-on-one,https://awards.topmate.io/one-on-one
Most 1:1 Meeting '25,7,manohar,https://topmate.io/manohar,"'manohar',",506,1502,https://static.topmate.io/kJuiktNW5DYSJsBVTsH1h5.jpg,Manohar,10+ yrs Exp | Senior Front End Developer | 97k+ YT Family | 35k+ LinkedIn,https://awards.topmate.io/one-on-one,https://awards.topmate.io/one-on-one,https://awards.topmate.io/one-on-one
Most 1:1 Meeting '25,8,sharmilan_vipokan,https://topmate.io/sharmilan_vipokan,"'sharmilan_vipokan',",505,142429,https://topmate-staging.s3.ap-south-1.amazonaws.com/pMUYYqeeLWoAwmgYU9ouno.png,Sharmilan,"I'm dedicated to helping you land your dream IT job! With experience mentoring 1000+ candidates, I guide you through the job search process, from resume building to interview prep, ensuring your fully equipped to achieve your career goals.",https://awards.topmate.io/one-on-one,https://awards.topmate.io/one-on-one,https://awards.topmate.io/one-on-one
Most 1:1 Meeting '25,9,priyasha_crackxat,https://topmate.io/priyasha_crackxat,"'priyasha_crackxat',",457,383551,https://topmate-staging.s3.amazonaws.com/nJpNcyqU1EWG7NhQ2mm4LX.jpeg,Priyasha,Founder- CRACK XAT| GDPI Specialist | Interview Guidance| Dean's Merit | List Your Go-To-Girl for queries related to Careers | MBA | Jobs | Internships | Preparation Strategy,https://awards.topmate.io/one-on-one,https://awards.topmate.io/one-on-one,https://awards.topmate.io/one-on-one
Most 1:1 Meeting '25,10,aparna_debnath,https://topmate.io/aparna_debnath,"'aparna_debnath',",440,96276,https://static.topmate.io/7CFx9YoRYZFBRXHHpmR66d.jpeg,Aparna,Assistant Vice President at Barclays | Ex-JP Morgan | Product Owner | Lead Business Analyst | Career Coach | Finance | 170k Followers on LinkedIn!,https://awards.topmate.io/one-on-one,https://awards.topmate.io/one-on-one,https://awards.topmate.io/one-on-one
Most 1:1 Meeting '25,11,mbawidabhishek,https://topmate.io/mbawidabhishek,"'mbawidabhishek',",438,88114,https://topmate-staging.s3.ap-south-1.amazonaws.com/nekVzYLNPk5qmvrZ92mub2.jpeg,Abhishek,"NOTE: If you're not prepared to confront some tough realities, kindly avoid scheduling this session | Everything MBA - in the MOST simplest way. | How to get Jobs | Profile Building | MBA - Colleges, Entrance Preparation | Career",https://awards.topmate.io/one-on-one,https://awards.topmate.io/one-on-one,https://awards.topmate.io/one-on-one
Most 1:1 Meeting '25,12,vivek_kumar52,https://topmate.io/vivek_kumar52,"'vivek_kumar52',",424,241196,https://static.topmate.io/cvqfPU15521MFmauRR3i2f.jpeg,Vivek,🎯 Your Go-To Interview Mentor | 🏆Specializing in DA & BA Role Transitions  | 📊 🧑‍🔬 Data Science  | 🎭 🗣️ Mock Interviews,https://awards.topmate.io/one-on-one,https://awards.topmate.io/one-on-one,https://awards.topmate.io/one-on-one
Most 1:1 Meeting '25,13,ankit_lohiya,https://topmate.io/ankit_lohiya,"'ankit_lohiya',",417,265322,https://static.topmate.io/9HZRKNStzeevVZfBcREK4d.jpg,CA Ankit,"CA | Mentoring CA Students, UPSC Aspirants and General Career Counselling 1:1 | 14k+ LinkedIn followers | Tax Columnist | M.Com",https://awards.topmate.io/one-on-one,https://awards.topmate.io/one-on-one,https://awards.topmate.io/one-on-one
Most 1:1 Meeting '25,14,gabhru_in_uk,https://topmate.io/gabhru_in_uk,"'gabhru_in_uk',",407,175760,https://static.topmate.io/qqCPk9dk91jTd55tkMj2hf.jpg,Harjeet,gabhru in uk,https://awards.topmate.io/one-on-one,https://awards.topmate.io/one-on-one,https://awards.topmate.io/one-on-one
Most 1:1 Meeting '25,15,suresh_kumar93,https://topmate.io/suresh_kumar93,"'suresh_kumar93',",397,1016109,https://topmate-staging.s3.amazonaws.com/aFxWCksbxX6tS9faN51Aqt.JPG,Suresh,"Hellow Everyone My name is Suresh.,https://awards.topmate.io/one-on-one,https://awards.topmate.io/one-on-one,https://awards.topmate.io/one-on-one
I have 6 years of experience in the capital markets, and over the years, I’ve been able to successfully generate consistent profits using a set of well-tested strategies .,https://awards.topmate.io/i-have-6-years-of-experience-in-the-capital-markets,https://awards.topmate.io/i-have-6-years-of-experience-in-the-capital-markets,https://awards.topmate.io/i-have-6-years-of-experience-in-the-capital-markets
Let’s grow together!",https://awards.topmate.io/lets-grow-together,https://awards.topmate.io/lets-grow-togetherhttps-awardstopmateio-lets-grow-together,https://awards.topmate.io/lets-grow-togetherhttps-awardstopmateio-lets-grow-togetherhttps-awardstopmateio-lets-grow-togetherhttps-awardstopmateio-lets-grow-together
Most 1:1 Meeting '25,16,qabytopmate,https://topmate.io/qabytopmate,"'qabytopmate',",389,13586,https://static.topmate.io/teYrUZmVeLZhSYL1D2LkXb.jpeg,Topmate,Quality engineer,https://awards.topmate.io/one-on-one,https://awards.topmate.io/one-on-one,https://awards.topmate.io/one-on-one
Most 1:1 Meeting '25,17,aashin,https://topmate.io/aashin,"'aashin',",380,118948,https://static.topmate.io/pGcD9f6qX1N8FkkcWD3dCE.png,Aashin,"Start Your Business in UK Support for UK Sponsorship Jobs, Visas & More",https://awards.topmate.io/one-on-one,https://awards.topmate.io/one-on-one,https://awards.topmate.io/one-on-one
Most 1:1 Meeting '25,18,goupbroad,https://topmate.io/goupbroad,"'goupbroad',",365,344927,https://static.topmate.io/3HfYimNzafJdbv1NKd8JGb.png,Go,500 plus admits at top universities across 2024 and 2025 and 200 crore plus scholarships secured.,https://awards.topmate.io/one-on-one,https://awards.topmate.io/one-on-one,https://awards.topmate.io/one-on-one
Most 1:1 Meeting '25,19,vaishali_salve,https://topmate.io/vaishali_salve,"'vaishali_salve',",362,115170,https://static.topmate.io/jWPjiEmoyrdSedKatGNk9F.png,Vaishali,@SeniorArchitect | Helped 500+ Professionals Navigate Dubai Job Market | 150k+ Community Across Platforms | NIT-B Alumni | Top 0.1% Rated Mentor@Topmate | YouTube Creator@YourInteriorSpace(30k+ Subs)  | Dubai📍,https://awards.topmate.io/one-on-one,https://awards.topmate.io/one-on-one,https://awards.topmate.io/one-on-one
Most 1:1 Meeting '25,20,ajay_kadiyala,https://topmate.io/ajay_kadiyala,"'ajay_kadiyala',",353,17047,https://static.topmate.io/95EcRJVWcN21fV2Vb22Wzf.jfif,kadiyala,Hey There! This is Ajay Kadiyala. I help people to crack top Product based Companies.,https://awards.topmate.io/one-on-one,https://awards.topmate.io/one-on-one,https://awards.topmate.io/one-on-one
Most 1:1 Meeting '25,21,indoriinjapan,https://topmate.io/indoriinjapan,"'indoriinjapan',",352,339042,https://static.topmate.io/dsyhp7rm1kx3LhDhnCkWkj.png,AKASH,Start your journey for Japan with Me!,https://awards.topmate.io/one-on-one,https://awards.topmate.io/one-on-one,https://awards.topmate.io/one-on-one
Most 1:1 Meeting '25,22,rajeev_sangwan,https://topmate.io/rajeev_sangwan,"'rajeev_sangwan',",351,6210,https://static.topmate.io/6e4H3Fubm477GZLEzzP5wm.jpg,Rajeev,👨🏻‍💻Data Scientist (Working/Living in UK) 🎥 Youtuber 🎓 Career Coach - guided thousands of students/professionals in getting Dream Jobs in UK,https://awards.topmate.io/one-on-one,https://awards.topmate.io/one-on-one,https://awards.topmate.io/one-on-one
Most 1:1 Meeting '25,23,charulmotwani,https://topmate.io/charulmotwani,"'charulmotwani',",329,236315,https://static.topmate.io/hiMDy294e4z2FC1VGeYq8U.jpeg,Charul,Helping people move to Dubai | Career Consultation | Dubai Business Setup,https://awards.topmate.io/one-on-one,https://awards.topmate.io/one-on-one,https://awards.topmate.io/one-on-one
Most 1:1 Meeting '25,24,manasbichoo,https://topmate.io/manasbichoo,"'manasbichoo',",327,199743,https://topmate-profile-pics.s3.ap-south-1.amazonaws.com/profile_pic_f2e8e5a5-75d6-49dc-a80e-434a0a9f70cc.jpeg,Manas,"Having personally experienced the struggles of Dubai’s job market, Manas founded Dubai Career Consultants to provide the guidance he once needed. He has helped thousands of professionals build successful careers across the UAE.",https://awards.topmate.io/one-on-one,https://awards.topmate.io/one-on-one,https://awards.topmate.io/one-on-one
Most 1:1 Meeting '25,25,tarotrevati,https://topmate.io/tarotrevati,"'tarotrevati',",325,227548,https://topmate-staging.s3.ap-south-1.amazonaws.com/gvDE82DHUEuFbHnKbNCn81.jpeg,Kamal,Tarot reader and Astrologer,https://awards.topmate.io/one-on-one,https://awards.topmate.io/one-on-one,https://awards.topmate.io/one-on-one
Most Package Bookings '25,1,genzcareer,https://topmate.io/genzcareer,"'genzcareer',",2070,231684,https://static.topmate.io/29wpLPr9DLcPJ7j39rJUBd.jpg,GenZ,"I'm a Senior Software Developer with extensive experience in one of the leading multinational corporations. Over the years, I've had the unique opportunity to conduct over 100 interviews, giving me a deep understanding of what it takes to s",https://awards.topmate.io/packages,https://awards.topmate.io/packages,https://awards.topmate.io/packages
Most Package Bookings '25,2,primecoding19,https://topmate.io/primecoding19,"'primecoding19',",1389,329333,https://topmate-staging.s3.amazonaws.com/fbjcSdLBa76T3rYXhCEbcu.png,Aditya,"Hi, I’m Aditya Mishra, a Global Hackathon Winner, Founder of Prime Coding (98% MNC placement rate), and YouTuber with 55k+ subs. I mentor students to excel in coding, placements, and hackathons. Let’s turn your challenges into success! 🚀",https://awards.topmate.io/packages,https://awards.topmate.io/packages,https://awards.topmate.io/packages
Most Package Bookings '25,3,aman_agarwal247776,https://topmate.io/aman_agarwal247776,"'aman_agarwal247776',",1084,286825,https://static.topmate.io/4vm5g19yAJETvgVJ6ZXSWb.jpeg,Aman,"Hi This is Aman Agarwal  Founder of ""THEBTECHFACTORY "" || TEACHER ||  Mentored 20k+ students so far and many students got placed in Big Tech Companies like TCS from our Channel ""TheBtechFactory"" .",https://awards.topmate.io/packages,https://awards.topmate.io/packages,https://awards.topmate.io/packages
Most Package Bookings '25,4,coder_girl_11,https://topmate.io/coder_girl_11,"'coder_girl_11',",539,1365836,https://static.topmate.io/eaMGKCATov134GgszjpR8d.jpg,Coder,Sharing High Quality Study Materials,https://awards.topmate.io/packages,https://awards.topmate.io/packages,https://awards.topmate.io/packages
Most Package Bookings '25,5,qa_engineer,https://topmate.io/qa_engineer,"'qa_engineer',",526,254605,https://topmate-staging.s3.amazonaws.com/a7jwRfWJfNWSPW4w3yqsAA.jpg,Testing,Selenium Expert | YouTube Educator | Automation Testing Coach | Crack Your Automation Testing Interview with Expert Guidance,https://awards.topmate.io/packages,https://awards.topmate.io/packages,https://awards.topmate.io/packages
Most Package Bookings '25,6,nitin_paliwal,https://topmate.io/nitin_paliwal,"'nitin_paliwal',",495,219415,https://static.topmate.io/adw7h5oV6kUn8VHG1GJpie.jpg,Nitin,Teach Computer Science to Class 11 and 12 students on Youtube. Having more than 20k+ subscribers.,https://awards.topmate.io/packages,https://awards.topmate.io/packages,https://awards.topmate.io/packages
Most Package Bookings '25,7,chthakkarsap,https://topmate.io/chthakkarsap,"'chthakkarsap',",455,84117,https://topmate-staging.s3.amazonaws.com/4XuL6i9QLRbcuT75mW2H95.jpg,Chirag Thakkar,"Your Ultimate mentor to SAP Guidance:,https://awards.topmate.io/packages,https://awards.topmate.io/packages,https://awards.topmate.io/packages
7000+ have successfully cleared the SAP FICO Interviews by getting Interview preparation package. | 1. Interview Preparation | 2. SAP FICO Career Guidance | 3. SAP Consultant Guidance.",https://awards.topmate.io/7000-have-successfully-cleared-the-sap-fico-interviews-by-getting-interview-preparation-package-1-interview-preparation-2-sap-fico-career-guidance-3-sap-consultant-guidance,https://awards.topmate.io/7000-have-successfully-cleared-the-sap-fico-interviews-by-getting-interview-preparation-package-1-interview-preparation-2-sap-fico-career-guidance-3-sap-consultant-guidancehttps-awardstopmateio-7000-have-successfully-cleared-the-sap-fico-interviews-by-getting-interview-preparation-package-1-interview-preparation-2-sap-fico-career-guidance-3-sap-consultant-guidance,https://awards.topmate.io/7000-have-successfully-cleared-the-sap-fico-interviews-by-getting-interview-preparation-package-1-interview-preparation-2-sap-fico-career-guidance-3-sap-consultant-guidancehttps-awardstopmateio-7000-have-successfully-cleared-the-sap-fico-interviews-by-getting-interview-preparation-package-1-interview-preparation-2-sap-fico-career-guidance-3-sap-consultant-guidancehttps-awardstopmateio-7000-have-successfully-cleared-the-sap-fico-interviews-by-getting-interview-preparation-package-1-interview-preparation-2-sap-fico-career-guidance-3-sap-consultant-guidancehttps-awardstopmateio-7000-have-successfully-cleared-the-sap-fico-interviews-by-getting-interview-preparation-package-1-interview-preparation-2-sap-fico-career-guidance-3-sap-consultant-guidance
Most Package Bookings '25,8,power_bi_interview_prep,https://topmate.io/power_bi_interview_prep,"'power_bi_interview_prep',",400,434890,,Meghana,"Hi, I'm Meghana! A Senior Power BI Developer and creator of the YouTube channel ""Power BI Interview Prep,"" where I help professionals master Power BI, DAX, & analytics to grow their careers in data analytics.",https://awards.topmate.io/packages,https://awards.topmate.io/packages,https://awards.topmate.io/packages
Most Package Bookings '25,9,abhaypsrajawat,https://topmate.io/abhaypsrajawat,"'abhaypsrajawat',",395,219213,https://static.topmate.io/1RzySHDhaihUunNLANfBue.jpg,Abhay PS,🌟 3+ Yrs of Freelance Video Editing Experience | 🔥 6+ Years Expertise in Video Editing | 🚀 100K+ Subscribers on YouTube,https://awards.topmate.io/packages,https://awards.topmate.io/packages,https://awards.topmate.io/packages
Most Package Bookings '25,10,praveen_patel,https://topmate.io/praveen_patel,"'praveen_patel',",380,402200,https://static.topmate.io/vAtDjEQTXRkXke3viMSC31.JPG,Praveen,"0.1% Mentor at Topmate | 2x Featured at Times Square, New York | Azure Data Engineering Career Coach | Topmate Trusted Creator | Azure Data Engineer | Microsoft Certified Fabric Data Engineer",https://awards.topmate.io/packages,https://awards.topmate.io/packages,https://awards.topmate.io/packages
Most Package Bookings '25,11,rahulbansaledits,https://topmate.io/rahulbansaledits,"'rahulbansaledits',",325,7143,https://static.topmate.io/eErJVeQqZ9iuhXGhpWHjdj.PNG,Rahul,VN Reels Template Expert (300K+ Instagram Followers),https://awards.topmate.io/packages,https://awards.topmate.io/packages,https://awards.topmate.io/packages
Most Package Bookings '25,12,sunand_sharrma,https://topmate.io/sunand_sharrma,"'sunand_sharrma',",297,73685,https://static.topmate.io/eQ1trvA6hC8oHEoELXbksx.png,Sunand,Transformed 1500+ careers | Career guidance for Europe & UAE (Dubai) Agile Coach | Scrum Master | Business Analyst | Project Manager | Career Mentor,https://awards.topmate.io/packages,https://awards.topmate.io/packages,https://awards.topmate.io/packages
Most Package Bookings '25,13,ui_dev_guide,https://topmate.io/ui_dev_guide,"'ui_dev_guide',",253,92419,https://static.topmate.io/7J4G7Q779TgzK26zD9hxPv.jpg,Ui Dev Guide,Help job seekers achieve their dream careers and create a brighter future.Don't forget to check our YouTube channel,https://awards.topmate.io/packages,https://awards.topmate.io/packages,https://awards.topmate.io/packages
Most Package Bookings '25,14,interviewswithsumit,https://topmate.io/interviewswithsumit,"'interviewswithsumit',",218,152692,https://static.topmate.io/fftKft9os66QRqAKxDsRm5.jpg,Sumit,"Technical Architect specializing in building products from the ground up, Sumit is a mentor to aspiring tech professionals and the author of a bestselling Java ebook, dedicated to shaping",https://awards.topmate.io/packages,https://awards.topmate.io/packages,https://awards.topmate.io/packages
Most Package Bookings '25,15,knightofsteel,https://topmate.io/knightofsteel,"'knightofsteel',",211,70098,https://static.topmate.io/vr6httS6AoXySETTg9Df6r.jpeg,Arjun,Working on Men's Mental Health | Making Research Fun | MA Psychology,https://awards.topmate.io/packages,https://awards.topmate.io/packages,https://awards.topmate.io/packages
Most Package Bookings '25,16,nishchay_agrawal,https://topmate.io/nishchay_agrawal,"'nishchay_agrawal',",209,18828,https://topmate-staging.s3.amazonaws.com/xmbU8LqLc4mAg3tt7jcpyp.jpeg,Nishchay,"SDE IV (Senior Data Engineer) at Walmart ❤️ | SDE-2 (Data Engineer II) at Meesho 😊 | Data Engineer at Morgan Stanley, Zs Associates ✍️| Gold Medalist Uttarakhand Topper🥇 | 6k+ Youtube Subscribers| 4000+ 1:1 Sessions on Data Engineering 📊",https://awards.topmate.io/packages,https://awards.topmate.io/packages,https://awards.topmate.io/packages
Most Package Bookings '25,17,shariqkalim,https://topmate.io/shariqkalim,"'shariqkalim',",162,340926,https://static.topmate.io/8gmUuE4GLWCa6NLVu4kFqa.jpg,Shariq,Technology Mentor | Computer Science Engineer  IT Services |  Consultant,https://awards.topmate.io/packages,https://awards.topmate.io/packages,https://awards.topmate.io/packages
Most Package Bookings '25,18,chirag_jain50,https://topmate.io/chirag_jain50,"'chirag_jain50',",159,120360,https://static.topmate.io/6nXB1bmET3ZjTawUT8oJbA.png,Chirag,"Hey! I am Chirag Jain, working in GAIL (India) Ltd. (A Maharatna PSU). I have cracked GATE'23 CH with AIR 50, was selected for L&T Hydrocarbon, and cleared the BARC Interview for the OCES'23 Programme for the post of Scientist-C.",https://awards.topmate.io/packages,https://awards.topmate.io/packages,https://awards.topmate.io/packages
Most Package Bookings '25,19,all_about_cfd,https://topmate.io/all_about_cfd,"'all_about_cfd',",157,997993,https://static.topmate.io/vSmfAqRkj84ENFH4JcE8c8.jpg,All About,CFD | Aerodynamics | Thermal | Computational Fluid Dynamics | AI | ML,https://awards.topmate.io/packages,https://awards.topmate.io/packages,https://awards.topmate.io/packages
Most Package Bookings '25,20,kiara_tma,https://topmate.io/kiara_tma,"'kiara_tma',",123,774158,,Sandhya,"Weekly and monthly Planners for toddlers  Books, Toy Recommendations Digital Activity Worksheets",https://awards.topmate.io/packages,https://awards.topmate.io/packages,https://awards.topmate.io/packages
Most Package Bookings '25,21,dionysy,https://topmate.io/dionysy,"'dionysy',",118,84482,https://static.topmate.io/rMYRyh6whWLnDMJFbNoYFV.jpeg,Shannon,"Psychologist & Psychometrician | M.Sc. Psychology (IIPR'23), B.A. Psychology (SXC'21)",https://awards.topmate.io/packages,https://awards.topmate.io/packages,https://awards.topmate.io/packages
Most Package Bookings '25,22,karanwxlia,https://topmate.io/karanwxlia,"'karanwxlia',",113,174749,https://static.topmate.io/3yHSupTd8gA4myBx68qR7y.png,Jaskaran Singh,"AI/ML Researcher  @Microsoft & @MIT,https://awards.topmate.io/packages,https://awards.topmate.io/packages,https://awards.topmate.io/packages
Mentored Students who got into CMU, MIT, and other top schools :)),https://awards.topmate.io/mentored-students-who-got-into-cmu,https://awards.topmate.io/mentored-students-who-got-into-cmu,https://awards.topmate.io/mentored-students-who-got-into-cmu
With my experience, I help students land fully funded International research opportunities and FAANG roles.",https://awards.topmate.io/with-my-experience,https://awards.topmate.io/with-my-experience,https://awards.topmate.io/with-my-experience
Most Package Bookings '25,23,garima_rajput,https://topmate.io/garima_rajput,"'garima_rajput',",106,230400,https://static.topmate.io/haNuTuxrrDTx4CVQmU8mkX.jpg,Garima,Software Engineer at Meta working in London. I can help you get that dream job with my FAANG experience.,https://awards.topmate.io/packages,https://awards.topmate.io/packages,https://awards.topmate.io/packages
Most Package Bookings '25,24,rd_automation_learning,https://topmate.io/rd_automation_learning,"'rd_automation_learning',",103,182149,https://static.topmate.io/rDdsqdCU2bC4q4WVrdZFEe.jpg,RD Automation,"Extensive experience in software testing. Offers mock interviews, Resume review, career guidance specifically for software testing roles. Assisted 140K+ people in Software Testing & Automation. 5500+ Topmate bookings",https://awards.topmate.io/packages,https://awards.topmate.io/packages,https://awards.topmate.io/packages
Most Package Bookings '25,25,vivek_kumar52,https://topmate.io/vivek_kumar52,"'vivek_kumar52',",102,241196,https://static.topmate.io/cvqfPU15521MFmauRR3i2f.jpeg,Vivek,🎯 Your Go-To Interview Mentor | 🏆Specializing in DA & BA Role Transitions  | 📊 🧑‍🔬 Data Science  | 🎭 🗣️ Mock Interviews,https://awards.topmate.io/packages,https://awards.topmate.io/packages,https://awards.topmate.io/packages
Most Live Events Hosted '25,1,anchal,https://topmate.io/anchal,"'anchal',",3569,4334,https://static.topmate.io/aW76iESmbeFktrmBy15K5q.jpeg,Anchal,Engineer @Myntra || Ex-SDE @PayPal || LinkedIn: 150K Followers.,https://awards.topmate.io/live-events,https://awards.topmate.io/live-events,https://awards.topmate.io/live-events
Most Live Events Hosted '25,2,ashok_aggarwal,https://topmate.io/ashok_aggarwal,"'ashok_aggarwal',",1772,107005,https://static.topmate.io/sGL6XrQiR5xDTEPGXg6oSN.jpeg,Ashok,"429k+ @ Instagram | 10k @ Youtube | Prev. Founder's Office @ Unstop | Invest India (Govt of India) | Guest @ LSR, SRCC, Miranda House | Incisiv, New York (Research Intern)| Not a mentor!",https://awards.topmate.io/live-events,https://awards.topmate.io/live-events,https://awards.topmate.io/live-events
Most Live Events Hosted '25,3,aishwarya_srinivasan,https://topmate.io/aishwarya_srinivasan,"'aishwarya_srinivasan',",1576,20851,https://static.topmate.io/7pXWU8fGN1xd6WzMQFDt9Y.avif,Aishwarya,Data Science| Personal Brand | LinkedIn Influencer | Startup Advisor| Content Creator | First Human at bunchpot.xyz,https://awards.topmate.io/live-events,https://awards.topmate.io/live-events,https://awards.topmate.io/live-events
Most Live Events Hosted '25,4,thisis_alaska,https://topmate.io/thisis_alaska,"'thisis_alaska',",768,316534,https://static.topmate.io/fJpa4r45eN2EHHsNZxoZmG.jpg,Nandini,Delhi University Gold Medalist | Founder & CEO at The Invincible Academy | Founder at Aparajita Foundation | Career Coach & CUET Mentor | Content Creator YT & IG  : 500k+,https://awards.topmate.io/live-events,https://awards.topmate.io/live-events,https://awards.topmate.io/live-events
Most Live Events Hosted '25,5,psycho_didi,https://topmate.io/psycho_didi,"'psycho_didi',",701,208972,https://static.topmate.io/mBNJsFMmcmo6aY9J2SwEpR.jpeg,Sanika,Your ultimate destination to everything related to making a career in Psychology!,https://awards.topmate.io/live-events,https://awards.topmate.io/live-events,https://awards.topmate.io/live-events
Most Live Events Hosted '25,6,k_s_akshay,https://topmate.io/k_s_akshay,"'k_s_akshay',",694,326851,https://topmate-profile-pics.s3.ap-south-1.amazonaws.com/profile_pic_94f7b638-787a-48f6-9600-ebcf361cb749.jpeg,K S,"""Hi, I’m Microsoft Intern & Student Ambassador passionate about AI, Predictive Maintenance, and tech solutions. Let's connect and explore new opportunities",https://awards.topmate.io/live-events,https://awards.topmate.io/live-events,https://awards.topmate.io/live-events
Most Live Events Hosted '25,7,frontendmaster,https://topmate.io/frontendmaster,"'frontendmaster',",617,125579,https://static.topmate.io/5pjcGuHyVonXf1nxctUqgr.png,Frontend Master,Frontend Master: Empowering Students and Professionals to Secure Their Dream Jobs in Frontend Development#javascript #reactjs #webdevelopment #frontenddevelopment #typescript,https://awards.topmate.io/live-events,https://awards.topmate.io/live-events,https://awards.topmate.io/live-events
Most Live Events Hosted '25,8,growithanimesh,https://topmate.io/growithanimesh,"'growithanimesh',",605,411421,https://static.topmate.io/nUygNNUjdYXz554wwgZk4s.jpg,Animesh,"An Ex Merchant Navy officer turned into Entrepreneur. I expertise in brand building and marketing. With Over 9 Lakhs Followers on Social Media. Writer of the Book ""HOW TO BUILD A STARTUP FROM SCRATCH.""",https://awards.topmate.io/live-events,https://awards.topmate.io/live-events,https://awards.topmate.io/live-events
Most Live Events Hosted '25,9,quant_insider,https://topmate.io/quant_insider,"'quant_insider',",581,142961,https://topmate-staging.s3.ap-south-1.amazonaws.com/fDhj7HZC8mpq7Trhzn4Shg.png,Quant Insider,"Elevating Careers, Empowering Quants: Your Bridge to Quantitative Finance Excellence",https://awards.topmate.io/live-events,https://awards.topmate.io/live-events,https://awards.topmate.io/live-events
Most Live Events Hosted '25,10,shai,https://topmate.io/shai,"'shai',",573,164794,https://topmate-profile-pics.s3.ap-south-1.amazonaws.com/profile_pic_eba6788a-b0ca-43a0-a8d6-7af85e508a8e.jpeg,Shai,Lead - Product Design at Freshworks | Ex-Head of Design at MyCaptain | Ex-Founder of Alfheimr Tech (Sold - Acquired) | Built 50k+ Design Community,https://awards.topmate.io/live-events,https://awards.topmate.io/live-events,https://awards.topmate.io/live-events
Most Live Events Hosted '25,11,flywith_tanishq,https://topmate.io/flywith_tanishq,"'flywith_tanishq',",486,319556,https://topmate-staging.s3.amazonaws.com/qCPz3RjqFVYm17rFDgMJZv.jpg,Tanishq,"“Hey, I’m Tanishq, a commercial pilot with experience in flight schools in South Africa. Need guidance on becoming a pilot in India or abroad? Let’s clear your doubts and help you reach new heights! ✈️🌍”",https://awards.topmate.io/live-events,https://awards.topmate.io/live-events,https://awards.topmate.io/live-events
Most Live Events Hosted '25,12,kavach_khanna01,https://topmate.io/kavach_khanna01,"'kavach_khanna01',",472,44990,https://static.topmate.io/eDjrekgQPAyEoXS6UgGVSs.JPG,Kavach,Mentor You Always Needed,https://awards.topmate.io/live-events,https://awards.topmate.io/live-events,https://awards.topmate.io/live-events
Most Live Events Hosted '25,13,agrawal_nandini,https://topmate.io/agrawal_nandini,"'agrawal_nandini',",463,15198,https://topmate-staging.s3.ap-south-1.amazonaws.com/ivRhpH1Fvj4wLUBrL7jgCg.PNG,Nandini,"Guinness Book of World Records | GIC | BCG | LinkedIn Top Voice | Dr. | India Book of Records | CA - AIR 1 | TEDx | ACCA (AIR 1, AWR 7&9)",https://awards.topmate.io/live-events,https://awards.topmate.io/live-events,https://awards.topmate.io/live-events
Most Live Events Hosted '25,14,imsks,https://topmate.io/imsks,"'imsks',",447,179490,https://topmate-profile-pics.s3.ap-south-1.amazonaws.com/Sachin Kr.-Shukla-1704195588.jpeg,Sachin Kr.,Co-founder @ The Boring Education | Teacher | Full-stack Engineer,https://awards.topmate.io/live-events,https://awards.topmate.io/live-events,https://awards.topmate.io/live-events
Most Live Events Hosted '25,15,draditipaul,https://topmate.io/draditipaul,"'draditipaul',",399,29433,https://static.topmate.io/gX9CxECshseS2tT6ZCCRGR.jpeg,Aditi,"Get EB1-ready with a proven action plan — make real progress in 4–6 focused hours/week, so you can live in the US with freedom & ease | Served: 78+ Clients. 3600+ Customers | DM ""GO"" to work with me",https://awards.topmate.io/live-events,https://awards.topmate.io/live-events,https://awards.topmate.io/live-events
Most Live Events Hosted '25,16,abhishek_veeramalla,https://topmate.io/abhishek_veeramalla,"'abhishek_veeramalla',",378,58642,https://topmate-profile-pics.s3.ap-south-1.amazonaws.com/profile_pic_caf332f8-b480-4277-bc68-9dcc8f24a541.jpeg,Abhishek,Helping people learn DevOps | 250k subscribers on YouTube | Free DevOps and AWS Courses,https://awards.topmate.io/live-events,https://awards.topmate.io/live-events,https://awards.topmate.io/live-events
Most Live Events Hosted '25,17,ankit_purohit_japan,https://topmate.io/ankit_purohit_japan,"'ankit_purohit_japan',",375,324081,https://static.topmate.io/ozKrL99UekMmkiPYUpKnxw.jpg,Ankit,"Get expert guidance from Ankit Purohit, a renowned authority on Japan over 8 years, with a personalized 1-on-1 consultation. Ankit holds a Bachelor’s in Computer Technology, a Master’s in Mechatronics, and an MBA from IIM Kashipur",https://awards.topmate.io/live-events,https://awards.topmate.io/live-events,https://awards.topmate.io/live-events
Most Live Events Hosted '25,18,learnwiththeatrewala,https://topmate.io/learnwiththeatrewala,"'learnwiththeatrewala',",369,350639,https://static.topmate.io/8E9ogche7Ny1CDQEfR2WPJ.png,Learn with,"Take your acting to the next level with personalised coaching at Theatrewala—where we help you bring out your best, on screen and stage.",https://awards.topmate.io/live-events,https://awards.topmate.io/live-events,https://awards.topmate.io/live-events
Most Live Events Hosted '25,19,rajat_jain01,https://topmate.io/rajat_jain01,"'rajat_jain01',",311,346448,https://topmate-profile-pics.s3.ap-south-1.amazonaws.com/Rajat-Jain-1731575187.jpeg,Rajat,Senior Data Analyst | Microsoft Certified Data Analyst | DAX | Power BI |  | Dashboard Developer | SQL | Power BI Trainer | Mentor | Data Visualization,https://awards.topmate.io/live-events,https://awards.topmate.io/live-events,https://awards.topmate.io/live-events
Most Live Events Hosted '25,20,the_gen_academy,https://topmate.io/the_gen_academy,"'the_gen_academy',",308,1637488,,The Gen,,https://awards.topmate.io/live-events,https://awards.topmate.io/live-events,https://awards.topmate.io/live-events
Most Live Events Hosted '25,21,surbhigupta,https://topmate.io/surbhigupta,"'surbhigupta',",268,1128622,https://static.topmate.io/9dNf8hji6EinpW9xdC9X56.JPG,Surbhi,"Founder – CUET MARG & Surbhi Gupta Academy🎓 M.Sc. Economics | BA (H) Eco – DRC, DU | B.Ed | 100%iler CUET Eco (2023)🧠 Certified Emotional Intelligence Coach – University of Michigan📚 CUET, CBSE, ISC, Class 11 and 12🧠 Career Mentor",https://awards.topmate.io/live-events,https://awards.topmate.io/live-events,https://awards.topmate.io/live-events
Most Live Events Hosted '25,22,kabirchugh,https://topmate.io/kabirchugh,"'kabirchugh',",250,1422903,https://static.topmate.io/uYzQAuY8vfzqdwPh8H3UCr.jpg,Kabir,Restaurateur | Entrepreneurship | 11+ years of experience | I only advise what I practice - No-nonsense consultations. ⚡,https://awards.topmate.io/live-events,https://awards.topmate.io/live-events,https://awards.topmate.io/live-events
Most Live Events Hosted '25,23,jhoom_baba,https://topmate.io/jhoom_baba,"'jhoom_baba',",250,845323,https://static.topmate.io/vfgEkpEzDhinak4BfVkZhB.png,Jhoom,"Placed @ Deloitte (BIG 4) | Ministry of Home Affairs | 215K + Followers Instagram & Youtube | Delhi University @9 CGPA,https://awards.topmate.io/live-events,https://awards.topmate.io/live-events,https://awards.topmate.io/live-events
Your soon to be FAV SENIOR !!",https://awards.topmate.io/your-soon-to-be-fav-senior,https://awards.topmate.io/your-soon-to-be-fav-senior-https-awardstopmateio-your-soon-to-be-fav-senior,https://awards.topmate.io/your-soon-to-be-fav-senior-https-awardstopmateio-your-soon-to-be-fav-seniorhttps-awardstopmateio-your-soon-to-be-fav-senior-https-awardstopmateio-your-soon-to-be-fav-senior
Most Live Events Hosted '25,24,jaya_bhuvanesh,https://topmate.io/jaya_bhuvanesh,"'jaya_bhuvanesh',",247,329867,,Jaya Bhuvanesh,Jaya Bhuvanesh,https://awards.topmate.io/live-events,https://awards.topmate.io/live-events,https://awards.topmate.io/live-events
Most Live Events Hosted '25,25,ashutosh_vashishtha10,https://topmate.io/ashutosh_vashishtha10,"'ashutosh_vashishtha10',",235,81889,https://topmate-staging.s3.ap-south-1.amazonaws.com/aTZF66Bud3yTXyEkFmuBpm.jpg,Ashutosh,"UX Design @Microsoft, Winner of Paris Design award 2023, Taiwan International student design competition & CII award in 2021 and 2020.",https://awards.topmate.io/live-events,https://awards.topmate.io/live-events,https://awards.topmate.io/live-events
Most Priority DM's '25,1,nishchay_agrawal,https://topmate.io/nishchay_agrawal,"'nishchay_agrawal',",742,18828,https://topmate-staging.s3.amazonaws.com/xmbU8LqLc4mAg3tt7jcpyp.jpeg,Nishchay,"SDE IV (Senior Data Engineer) at Walmart ❤️ | SDE-2 (Data Engineer II) at Meesho 😊 | Data Engineer at Morgan Stanley, Zs Associates ✍️| Gold Medalist Uttarakhand Topper🥇 | 6k+ Youtube Subscribers| 4000+ 1:1 Sessions on Data Engineering 📊",https://awards.topmate.io/priority-dms,https://awards.topmate.io/priority-dms,https://awards.topmate.io/priority-dms
Most Priority DM's '25,2,astrokarak,https://topmate.io/astrokarak,"'astrokarak',",354,267245,https://static.topmate.io/7XuvVQRLzUXnacw3aNZCwe.jpg,Pranjal,"Vedic Astrology ConsultantConsultations, E-Books, and Courses",https://awards.topmate.io/priority-dms,https://awards.topmate.io/priority-dms,https://awards.topmate.io/priority-dms
Most Priority DM's '25,3,priyasha_crackxat,https://topmate.io/priyasha_crackxat,"'priyasha_crackxat',",343,383551,https://topmate-staging.s3.amazonaws.com/nJpNcyqU1EWG7NhQ2mm4LX.jpeg,Priyasha,Founder- CRACK XAT| GDPI Specialist | Interview Guidance| Dean's Merit | List Your Go-To-Girl for queries related to Careers | MBA | Jobs | Internships | Preparation Strategy,https://awards.topmate.io/priority-dms,https://awards.topmate.io/priority-dms,https://awards.topmate.io/priority-dms
Most Priority DM's '25,4,neha_malhotra,https://topmate.io/neha_malhotra,"'neha_malhotra',",287,134885,https://static.topmate.io/4WAPZMKEWanMicrShnc1Vk.jpeg,Neha,"CERTIFIED RESUME WRITER✨RESUME REVIEWER✨LINKEDIN COACH✨LINKEDIN BRANDING ✨ JOB SEARCH STRATEGIST ✨ CAREER COACH  ✨ ✍🏻 I help people Create Professional Job -Winning Resumes 📝, Cover Letters and optimized LinkedIn Profiles.",https://awards.topmate.io/priority-dms,https://awards.topmate.io/priority-dms,https://awards.topmate.io/priority-dms
Most Priority DM's '25,5,marshaabalani,https://topmate.io/marshaabalani,"'marshaabalani',",281,435434,https://static.topmate.io/u8orTJGqqcrdtdGPSiaQTz.jpg,Marshaa,"Trusted by 2.1M+ Souls · 6M+ Views · 333K+ Interactions | Vedic Astrology · Tarot · Manifestation Magic | Book a Reading, Learn the Craft, and Heal Deeply ❤️",https://awards.topmate.io/priority-dms,https://awards.topmate.io/priority-dms,https://awards.topmate.io/priority-dms
Most Priority DM's '25,6,adityajoshi12,https://topmate.io/adityajoshi12,"'adityajoshi12',",275,125485,https://static.topmate.io/5taMo8ogPYaDvDqetDorhy.jpeg,Aditya,Senior Software Engineer@Walmart | Blockchain | Lead Dev Advocate 🥑 - Hyperledger India  | Kubernetes Champ | Content Creator | Hyperledger Fabric | Hypereldger Besu,https://awards.topmate.io/priority-dms,https://awards.topmate.io/priority-dms,https://awards.topmate.io/priority-dms
Most Priority DM's '25,7,jatinkoshiya,https://topmate.io/jatinkoshiya,"'jatinkoshiya',",273,73013,https://topmate-staging.s3.ap-south-1.amazonaws.com/5fUnXFXcqEvCjozkjmH7pw.png,Jatin,"Senior Design Verification Engineer at Microsoft | Ex -Nvidia,Intel,TCS | Hardware Engineer | Career Guidance ✨ | Interview Preparation & Tips 🎯 | Resume Building 📝 | Mock Interview 🎙️ | 15k+ LinkedIn Followers 📈",https://awards.topmate.io/priority-dms,https://awards.topmate.io/priority-dms,https://awards.topmate.io/priority-dms
Most Priority DM's '25,8,rajeev_sangwan,https://topmate.io/rajeev_sangwan,"'rajeev_sangwan',",207,6210,https://static.topmate.io/6e4H3Fubm477GZLEzzP5wm.jpg,Rajeev,👨🏻‍💻Data Scientist (Working/Living in UK) 🎥 Youtuber 🎓 Career Coach - guided thousands of students/professionals in getting Dream Jobs in UK,https://awards.topmate.io/priority-dms,https://awards.topmate.io/priority-dms,https://awards.topmate.io/priority-dms
Most Priority DM's '25,9,arsh_bhatia,https://topmate.io/arsh_bhatia,"'arsh_bhatia',",199,88155,https://static.topmate.io/i6NrpApMbB2oVHVhWE6KdX.jpeg,Arsh,Engineering @Razorpay || Former Intern @DRDO || Founder @nscc_srm || 1000+ DSA @Leetcode || Ex-Mentor @Coding Ninjas || Oracle Certified ||,https://awards.topmate.io/priority-dms,https://awards.topmate.io/priority-dms,https://awards.topmate.io/priority-dms
Most Priority DM's '25,10,ashima_gupta10,https://topmate.io/ashima_gupta10,"'ashima_gupta10',",171,102630,https://topmate-profile-pics.s3.ap-south-1.amazonaws.com/profile_pic_764ea687-0b6e-4b61-8d44-f9493da2e6e2.jpeg,Ashima,"MPhil in Clinical Psychology, Masters in Psychology (Clinical)",https://awards.topmate.io/priority-dms,https://awards.topmate.io/priority-dms,https://awards.topmate.io/priority-dms
Most Priority DM's '25,11,rinisha_sen,https://topmate.io/rinisha_sen,"'rinisha_sen',",169,105402,https://topmate-profile-pics.s3.ap-south-1.amazonaws.com/profile_pic_3bf00e47-b18e-4bf7-878e-b6acb694eaa0.jpeg,Rinisha,21k+ @ LinkedIn | Business Analyst with 5+ years in banking & IT | Recently transitioned into Product Management at Mastercard | I guide non-tech professionals to successfully break into BA/PM roles and thrive in the IT industry.,https://awards.topmate.io/priority-dms,https://awards.topmate.io/priority-dms,https://awards.topmate.io/priority-dms
Most Priority DM's '25,12,abhi_jha910,https://topmate.io/abhi_jha910,"'abhi_jha910',",168,1394244,https://topmate-profile-pics.s3.ap-south-1.amazonaws.com/profile_pic_5a255ae8-df51-427c-a4b1-ed4e92821698.jpeg,Abhyanand,Software Engineer @AindraSystems | ex-SDE Apprentice @NATS | ex-Salesforce Developer Intern @Salesforce | ex-SDE Intern @GrapplTech | CodeKaze’23 Finalist | BTech CSE @HIT | Python | REST APIs | AI Enthusiast| 9.01 CGPA,https://awards.topmate.io/priority-dms,https://awards.topmate.io/priority-dms,https://awards.topmate.io/priority-dms
Most Priority DM's '25,13,shubhankar_khare,https://topmate.io/shubhankar_khare,"'shubhankar_khare',",166,7752,https://static.topmate.io/3i7XjsRD9VXNiGYRxPjTFN.jpeg,shubhankar,SDE2 @ Atlan | Frontend Expert | Mentoring aspiring developers in the thrilling world of startups and innovation.,https://awards.topmate.io/priority-dms,https://awards.topmate.io/priority-dms,https://awards.topmate.io/priority-dms
Most Priority DM's '25,14,shivangi_tripathi,https://topmate.io/shivangi_tripathi,"'shivangi_tripathi',",150,128831,https://static.topmate.io/nZ315iAJLb2dN72pWBb1Dt.jpg,Shivangi,"AI ML Engineer in Cognizant | Data Science | R&I | Mentor | Ex-TCS, Capgemini",https://awards.topmate.io/priority-dms,https://awards.topmate.io/priority-dms,https://awards.topmate.io/priority-dms
Most Priority DM's '25,15,vikhyat_tandon,https://topmate.io/vikhyat_tandon,"'vikhyat_tandon',",140,246325,https://static.topmate.io/czumirkUC9D1A5DuWYYNYM.jpeg,Vikhyat,"Senior Software Engineer (SDE-3) @ Microsoft | Ex-Amazon, Oyo, Goibibo | IIIT-Allahabad",https://awards.topmate.io/priority-dms,https://awards.topmate.io/priority-dms,https://awards.topmate.io/priority-dms
Most Priority DM's '25,16,dhruv_aggarwal,https://topmate.io/dhruv_aggarwal,"'dhruv_aggarwal',",138,4749,https://static.topmate.io/bkPKTdbMnpv9hBHZj8378E.png,Dhruv,"Senior Analyst - Software Engineer II(Data, Cloud) @HCLTech, xData Science @ProjectPro, Research @openminedorg, 5x ML Community Builder @AWS, @kaggle 3x Expert, 3x @AWS Certified",https://awards.topmate.io/priority-dms,https://awards.topmate.io/priority-dms,https://awards.topmate.io/priority-dms
Most Priority DM's '25,17,manish_kumar25,https://topmate.io/manish_kumar25,"'manish_kumar25',",129,34903,https://topmate-staging.s3.ap-south-1.amazonaws.com/8PodRjBj943ZNsoRXND6BT.jpeg,MANISH,Data engineer at Jio,https://awards.topmate.io/priority-dms,https://awards.topmate.io/priority-dms,https://awards.topmate.io/priority-dms
Most Priority DM's '25,18,short_trick_science,https://topmate.io/short_trick_science,"'short_trick_science',",124,299405,https://static.topmate.io/8MbkRNjr2ArWJ3cskvAqCz.png,Short trick,Scholarship Experts | Youtube Channel Trusted by 50K+ Subscribe | YouTube Growth Coach & Consultant | Social Media Marketer & Strategist | Coaching + Consultation + Done For You Services,https://awards.topmate.io/priority-dms,https://awards.topmate.io/priority-dms,https://awards.topmate.io/priority-dms
Most Priority DM's '25,19,rishabh_gaurav,https://topmate.io/rishabh_gaurav,"'rishabh_gaurav',",121,220527,https://static.topmate.io/vDsFAxzRzUqMdXVwCWXLNj.jpg,Rishabh,SDE II at Amazon | Ex-Oracle | Mentoring humans on interview prep and career growth.,https://awards.topmate.io/priority-dms,https://awards.topmate.io/priority-dms,https://awards.topmate.io/priority-dms
Most Priority DM's '25,20,aman_tripathi18,https://topmate.io/aman_tripathi18,"'aman_tripathi18',",114,1208794,https://static.topmate.io/v4taTLWu52znbecEuNvgFk.jpg?X-Amz-Algorithm=AWS4-HMAC-SHA256&X-Amz-Credential=AKIAXXBHRVOSVXLSO4PD%2F20250820%2Fap-south-1%2Fs3%2Faws4_request&X-Amz-Date=20250820T050905Z&X-Amz-Expires=300&X-Amz-SignedHeaders=content-type%3Bhost&X-Amz-Signature=e4e61753792990fe47de337da5bf1cf1fb48be106c6525e2069d7c024fbf511a,Aman,SDE @ Swiggy | Cracked 7+ Offers in 10 Months | Mentored 1000+ | Turning Job Seekers into Offer Holders 🚀,https://awards.topmate.io/priority-dms,https://awards.topmate.io/priority-dms,https://awards.topmate.io/priority-dms
Most Priority DM's '25,21,shreya_khandelwal,https://topmate.io/shreya_khandelwal,"'shreya_khandelwal',",114,136703,https://static.topmate.io/2UZpRvDxnNuKrCaB19qQXo.jpg,Shreya,Data Scientist at Bain | Ex-IBMer | Microsoft AI MVP | LinkedIn Top Voices | AI & Analytics | Multi-Cloud Certified,https://awards.topmate.io/priority-dms,https://awards.topmate.io/priority-dms,https://awards.topmate.io/priority-dms
Most Priority DM's '25,22,rishabhsingh01,https://topmate.io/rishabhsingh01,"'rishabhsingh01',",107,256193,https://topmate-staging.s3.amazonaws.com/tykkag96HtoHxrh89jQWLf.jpeg,Rishabh,"LinkedIn ""𝐓𝐨𝐩 𝐑𝐞𝐜𝐫𝐮𝐢𝐭𝐢𝐧𝐠 𝐕𝐨𝐢𝐜𝐞"" ||📌Helping seekers to get a Dream Job in India and Abroad. Helped 𝟖𝟓𝟎+ 𝐂𝐨𝐦𝐩𝐚𝐧𝐢𝐞𝐬 in their hiring.",https://awards.topmate.io/priority-dms,https://awards.topmate.io/priority-dms,https://awards.topmate.io/priority-dms
Most Priority DM's '25,23,kavach_khanna01,https://topmate.io/kavach_khanna01,"'kavach_khanna01',",105,44990,https://static.topmate.io/eDjrekgQPAyEoXS6UgGVSs.JPG,Kavach,Mentor You Always Needed,https://awards.topmate.io/priority-dms,https://awards.topmate.io/priority-dms,https://awards.topmate.io/priority-dms
Most Priority DM's '25,24,vamsi_krishna13,https://topmate.io/vamsi_krishna13,"'vamsi_krishna13',",97,89531,https://static.topmate.io/fFdws5GcmVAonX8xrgzwN7.jfif,Vamsi,"Software Engineer - III  @Walmart  | Ex-Siemens | Ex-Capgemini | Java Backend  |  VNR VJIET,https://awards.topmate.io/priority-dms,https://awards.topmate.io/priority-dms,https://awards.topmate.io/priority-dms
#talks about Java, Spring Boot, Aws, DSA, Design Patterns, Micro Services , Docker, K8S, Angular.",https://awards.topmate.io/talks-about-java,https://awards.topmate.io/talks-about-java,https://awards.topmate.io/talks-about-java
Most Priority DM's '25,25,saurabh_shalabh,https://topmate.io/saurabh_shalabh,"'saurabh_shalabh',",96,31536,https://topmate-profile-pics.s3.ap-south-1.amazonaws.com/Saurabh-Kumar-1673974434.jpeg,Saurabh,Sr. Data Architect  📈 @ American Express 💳 | Guest Author ✒️  @ International Magazines 📑 |  Ex-Infosys,https://awards.topmate.io/priority-dms,https://awards.topmate.io/priority-dms,https://awards.topmate.io/priority-dms
Most Courses Sold '25,1,shubham_shubham11,https://topmate.io/shubham_shubham11,"'shubham_shubham11',",330,723536,https://static.topmate.io/3HUkHNdPD9DPL9Zu95WZ76.png,Shubham,Designs Wonders For App and Websites,https://awards.topmate.io/courses,https://awards.topmate.io/courses,https://awards.topmate.io/courses
Most Courses Sold '25,2,manifestingwithshraddha,https://topmate.io/manifestingwithshraddha,"'manifestingwithshraddha',",240,184132,https://static.topmate.io/ffpaAL9CCb8acmu9r9dLGj.jpeg,Shraddha,Manifestation coach who is helping you to live your dream life by VIBING HIGH ✨,https://awards.topmate.io/courses,https://awards.topmate.io/courses,https://awards.topmate.io/courses
Most Courses Sold '25,3,aishwarya_srinivasan,https://topmate.io/aishwarya_srinivasan,"'aishwarya_srinivasan',",210,20851,https://static.topmate.io/7pXWU8fGN1xd6WzMQFDt9Y.avif,Aishwarya,Data Science| Personal Brand | LinkedIn Influencer | Startup Advisor| Content Creator | First Human at bunchpot.xyz,https://awards.topmate.io/courses,https://awards.topmate.io/courses,https://awards.topmate.io/courses
Most Courses Sold '25,4,japneet_sachdeva,https://topmate.io/japneet_sachdeva,"'japneet_sachdeva',",172,27364,https://static.topmate.io/fovVpBy3Ad5SKHfXxD81Zs.jpeg,Japneet,Full Stack Test Automation Engineer | 6000+ mentees mastering QA Automation using my resources,https://awards.topmate.io/courses,https://awards.topmate.io/courses,https://awards.topmate.io/courses
Most Courses Sold '25,5,travelco,https://topmate.io/travelco,"'travelco',",168,1696871,https://static.topmate.io/upXZUhHorSWS4ky3T7Pn4A.png,Harsh,"Hi, I'm Harsh!I’m a travel content creator who loves exploring new places and helping others travel smarter.",https://awards.topmate.io/courses,https://awards.topmate.io/courses,https://awards.topmate.io/courses
Most Courses Sold '25,6,iamsantoshmishra,https://topmate.io/iamsantoshmishra,"'iamsantoshmishra',",166,11564,https://static.topmate.io/qhUwFPNvdVPHVC35bMgnmA.png,Santosh Kumar,Software Engineer at 𝐌𝐢𝐜𝐫𝐨𝐬𝐨𝐟𝐭 | Ex-VMware | Ex-Teradata | NIT Tiruchirappalli,https://awards.topmate.io/courses,https://awards.topmate.io/courses,https://awards.topmate.io/courses
Most Courses Sold '25,7,data_tutorials,https://topmate.io/data_tutorials,"'data_tutorials',",135,117264,https://static.topmate.io/4pdJG9rDGfYrNSdiPXYQU9.png,Swapnjeet,"Lead Data AnalystExperience in field of Data and expertise on tools like Power BI, Tableau, SQL, Excel, Advanced Excel, Azure, Fabric, Power Apps, AWS, Python, SSIS, Snowflake, Data warehouse, etc.",https://awards.topmate.io/courses,https://awards.topmate.io/courses,https://awards.topmate.io/courses
Most Courses Sold '25,8,chempractice,https://topmate.io/chempractice,"'chempractice',",118,75727,https://static.topmate.io/qTtepWy24mEpH3nSo7q7Ws.jpg,vishakha,"I am a professional Chemical Engineer working in the oil & gas industry with over 3 years of experience.For the past 3+ years, I've been offering guidance to students/professionals in their coursework, exams, interview preparation, project",https://awards.topmate.io/courses,https://awards.topmate.io/courses,https://awards.topmate.io/courses
Most Courses Sold '25,9,genzcareer,https://topmate.io/genzcareer,"'genzcareer',",115,231684,https://static.topmate.io/29wpLPr9DLcPJ7j39rJUBd.jpg,GenZ,"I'm a Senior Software Developer with extensive experience in one of the leading multinational corporations. Over the years, I've had the unique opportunity to conduct over 100 interviews, giving me a deep understanding of what it takes to s",https://awards.topmate.io/courses,https://awards.topmate.io/courses,https://awards.topmate.io/courses
Most Courses Sold '25,10,mehar_verma,https://topmate.io/mehar_verma,"'mehar_verma',",110,246787,https://static.topmate.io/sq4bdU4EwM6JCKCciNgMD9.jpg,Mehar,"I help creators land UGC deals & work as social media strategists—without needing a big following.,https://awards.topmate.io/courses,https://awards.topmate.io/courses,https://awards.topmate.io/courses
Book a call to start your journey, get clarity, and build a career brands want to work with!",https://awards.topmate.io/book-a-call-to-start-your-journey,https://awards.topmate.io/book-a-call-to-start-your-journey,https://awards.topmate.io/book-a-call-to-start-your-journey
Most Courses Sold '25,11,rahulbansaledits,https://topmate.io/rahulbansaledits,"'rahulbansaledits',",104,7143,https://static.topmate.io/eErJVeQqZ9iuhXGhpWHjdj.PNG,Rahul,VN Reels Template Expert (300K+ Instagram Followers),https://awards.topmate.io/courses,https://awards.topmate.io/courses,https://awards.topmate.io/courses
Most Courses Sold '25,12,javainterviewbuddy,https://topmate.io/javainterviewbuddy,"'javainterviewbuddy',",103,26330,https://static.topmate.io/oTPfzd4a6Pa32QkPNhCBqg.png,Ashish,"I’m a Senior Consultant with 11+ years in enterprise-grade systems, having worked at companies like, Accenture, L&T Infotech, ITC Infotech etc.",https://awards.topmate.io/courses,https://awards.topmate.io/courses,https://awards.topmate.io/courses
Most Courses Sold '25,13,tobias_zwingmann,https://topmate.io/tobias_zwingmann,"'tobias_zwingmann',",100,22983,https://static.topmate.io/dmDqgFc73tETtmhwSjtjAd.jpeg,Tobias,"AI Growth Advisor & Mentor, Author of AI-Powered Business Intelligence (O'REILLY)",https://awards.topmate.io/courses,https://awards.topmate.io/courses,https://awards.topmate.io/courses
Most Courses Sold '25,14,cloud,https://topmate.io/cloud,"'cloud',",98,42261,https://static.topmate.io/abCiGGCLq8unAGDzQAmtWo.jpg,Sanjeev,"DevOps • Cloud • AI Architect helping you build job-ready skills to land high-paying DevOps, Cloud & AI roles with my proven plans, real-world projects, and interview guidance.https://www.youtube.com/@DevOps-Cloud-AI",https://awards.topmate.io/courses,https://awards.topmate.io/courses,https://awards.topmate.io/courses
Most Courses Sold '25,15,vishwas_sunil_kshirsagar,https://topmate.io/vishwas_sunil_kshirsagar,"'vishwas_sunil_kshirsagar',",91,21068,https://topmate-staging.s3.ap-south-1.amazonaws.com/kxCPTQFuTCZCRfdDvtvJw7.jpg,Vishwas,Data Analytics & Science | I Help You Land Your Dream Data Job,https://awards.topmate.io/courses,https://awards.topmate.io/courses,https://awards.topmate.io/courses
Most Courses Sold '25,16,dr_isha_singh,https://topmate.io/dr_isha_singh,"'dr_isha_singh',",82,237875,https://static.topmate.io/9oiUznJV13E5RiZuPysH6h.jpeg,Dr. Isha,"BDS, MHA, Certified Nutritionist (Expert in fertility diet and counselling)Fertility    coach on a mission to help women get pregnant.",https://awards.topmate.io/courses,https://awards.topmate.io/courses,https://awards.topmate.io/courses
Most Courses Sold '25,17,zero_analyst,https://topmate.io/zero_analyst,"'zero_analyst',",69,210105,https://topmate-profile-pics.s3.ap-south-1.amazonaws.com/profile_pic_27c18789-11a6-4789-85e8-3427de925760.jpeg,Najir,"Senior Analyst ADNOC Group, UAE | Certified Power BI Developer | Mentor | SQL, Python, Tableau Expert | Power BI | AWS | Data Modeling | Advanced Excel | ETL",https://awards.topmate.io/courses,https://awards.topmate.io/courses,https://awards.topmate.io/courses
Most Courses Sold '25,18,frontendmaster,https://topmate.io/frontendmaster,"'frontendmaster',",64,125579,https://static.topmate.io/5pjcGuHyVonXf1nxctUqgr.png,Frontend Master,Frontend Master: Empowering Students and Professionals to Secure Their Dream Jobs in Frontend Development#javascript #reactjs #webdevelopment #frontenddevelopment #typescript,https://awards.topmate.io/courses,https://awards.topmate.io/courses,https://awards.topmate.io/courses
Most Courses Sold '25,19,mehreen_jan,https://topmate.io/mehreen_jan,"'mehreen_jan',",57,349815,https://static.topmate.io/eXafFbXUk9uXjwqn5gHLeU.JPG,Mehreen,"Founder of Isbandh | Helping build authentic, purpose-driven brands rooted in storytelling and strategy. Let’s turn your vision into a thriving reality!",https://awards.topmate.io/courses,https://awards.topmate.io/courses,https://awards.topmate.io/courses
Most Courses Sold '25,20,gutregeneration,https://topmate.io/gutregeneration,"'gutregeneration',",54,1568409,https://static.topmate.io/pRKUisP9i15MiidQ2MSaGz.jpg,Aftab,Helping people improve their gut health,https://awards.topmate.io/courses,https://awards.topmate.io/courses,https://awards.topmate.io/courses
Most Courses Sold '25,21,fintaxplanner,https://topmate.io/fintaxplanner,"'fintaxplanner',",51,1501038,https://static.topmate.io/kNrj743dteS4YZaL9qu6LE.PNG,Abdul,"Helping individuals and businesses with Income Tax, GST, Accounting, and Financial Planning. Book a 1:1 consultation to get clear, practical, and customized solutions for your tax and finance queries.",https://awards.topmate.io/courses,https://awards.topmate.io/courses,https://awards.topmate.io/courses
Most Courses Sold '25,22,vinayak_kadam,https://topmate.io/vinayak_kadam,"'vinayak_kadam',",49,348016,https://topmate-staging.s3.amazonaws.com/oDM1zBbyy3tLp6VPdqWgS2.jpg,Vinayak,"Microsoft Certified 8X 🏅 Trainer worked on Power BI, SQL, Azure, Qliksense End to End. Professional Corporate Trainer, Content creator, delivered Online Trainings and placed 1000 Students in Big MNCs.",https://awards.topmate.io/courses,https://awards.topmate.io/courses,https://awards.topmate.io/courses
Most Courses Sold '25,23,gurpreet_kaur_jaggi,https://topmate.io/gurpreet_kaur_jaggi,"'gurpreet_kaur_jaggi',",49,44827,https://static.topmate.io/ebiJwYzFn5KeGFtsMd4SqJ.jpg,Gurpreet Kaur,"@GurpreetinGermany - Unlocking Global HR Insights and Beyond! Meet Gurpreet Kaur Jaggi, an esteemed HR professional in Germany, with recruitment expertise across the US, UK, EU, & India.",https://awards.topmate.io/courses,https://awards.topmate.io/courses,https://awards.topmate.io/courses
Most Courses Sold '25,24,narender_singh20,https://topmate.io/narender_singh20,"'narender_singh20',",48,1631818,,Lt Col Narender,"🎖️ Veteran with 15+ yrs across Infantry, NSG & Logistics — lived the life, led the men, and ready to share it all. 🇮🇳",https://awards.topmate.io/courses,https://awards.topmate.io/courses,https://awards.topmate.io/courses
Most Courses Sold '25,25,tirth_patel14,https://topmate.io/tirth_patel14,"'tirth_patel14',",42,819246,https://topmate-staging.s3.amazonaws.com/sXbtFB9azHyMKGkNco4B7M.jpg,Tirth,founder @Neno Technology| Founder @Agentic Bharat | AI Researcher Contributor (Instagram 100k+ Family)Ex-L&T Technology Services | Consulting | President – Tech Club | Public Speaker | Building with AI Automation & Agentic AI |,https://awards.topmate.io/courses,https://awards.topmate.io/courses,https://awards.topmate.io/courses
Most Digital Products Sold '25,1,greatstack,https://topmate.io/greatstack,"'greatstack',",14532,179456,https://topmate-staging.s3.ap-south-1.amazonaws.com/beCDTUkJdRgHCR2iz15nEZ.png,Avinash,"I like to teach aspiring web developers at ""GreatStack"" how to code and get their dream job.",https://awards.topmate.io/digital-products,https://awards.topmate.io/digital-products,https://awards.topmate.io/digital-products
Most Digital Products Sold '25,2,dataengineering,https://topmate.io/dataengineering,"'dataengineering',",12468,92292,https://static.topmate.io/qsbZkmuK39pi1XoKD2VF36.JPG,Gowtham,Data Engineer | PayPal | YouTuber 290K | Talks Facts Only,https://awards.topmate.io/digital-products,https://awards.topmate.io/digital-products,https://awards.topmate.io/digital-products
Most Digital Products Sold '25,3,codtech_it_solutions,https://topmate.io/codtech_it_solutions,"'codtech_it_solutions',",8310,314224,https://static.topmate.io/odFwGNzHETa9MosE4BYiDC.jpeg,CODTECH,Improving Tech Skills 24/7,https://awards.topmate.io/digital-products,https://awards.topmate.io/digital-products,https://awards.topmate.io/digital-products
Most Digital Products Sold '25,4,shubham_wadekar,https://topmate.io/shubham_wadekar,"'shubham_wadekar',",7444,192597,https://static.topmate.io/pGbDwovAjJJLnk26TPz6D4.jpg,Shubham,"Hi, I am Shubham Wadekar. I guide people aspiring for Data Engineer roles.",https://awards.topmate.io/digital-products,https://awards.topmate.io/digital-products,https://awards.topmate.io/digital-products
Most Digital Products Sold '25,5,code_bashers,https://topmate.io/code_bashers,"'code_bashers',",5535,4308,https://static.topmate.io/f8JWKvMnBNyjtQ59gxLhVn.png,Code,"Guys if u face Any Problem in booking slot , u can mail us at bashers.code@gmail.com or write a query using below service.",https://awards.topmate.io/digital-products,https://awards.topmate.io/digital-products,https://awards.topmate.io/digital-products
Most Digital Products Sold '25,6,ayushi_mishra,https://topmate.io/ayushi_mishra,"'ayushi_mishra',",5302,33373,https://static.topmate.io/rgkfvvHkqFZFufW3SpzbeZ.png,Ayushi,4+ Years Experienced Data Scientist | Provide Guidance for Data Science | Data Analysis | Mentor | YouTuber,https://awards.topmate.io/digital-products,https://awards.topmate.io/digital-products,https://awards.topmate.io/digital-products
Most Digital Products Sold '25,7,glowandgain,https://topmate.io/glowandgain,"'glowandgain',",5263,363033,https://static.topmate.io/6S7ZbEwcKscc4chyBbPTCJ.jpg,Glow & Gain,Glow like never before!,https://awards.topmate.io/digital-products,https://awards.topmate.io/digital-products,https://awards.topmate.io/digital-products
Most Digital Products Sold '25,8,careerwithankita,https://topmate.io/careerwithankita,"'careerwithankita',",4917,114514,https://static.topmate.io/xhawk2FdFNpAxcSf3XzaZJ.JPG,Ankita,"9+ Years of Industry Experience | Top Mentor | Flipkart, Tata Steel, MPL, Capgemini | 255k+ Instagram",https://awards.topmate.io/digital-products,https://awards.topmate.io/digital-products,https://awards.topmate.io/digital-products
Most Digital Products Sold '25,9,rajat_gajbhiye,https://topmate.io/rajat_gajbhiye,"'rajat_gajbhiye',",4755,222126,https://static.topmate.io/2FQtVnnjF6Vscc5APBwbbv.jpg,Rajat,Software Development Engineer | Interview coach helping people to crack top companies (SDE roles).,https://awards.topmate.io/digital-products,https://awards.topmate.io/digital-products,https://awards.topmate.io/digital-products
Most Digital Products Sold '25,10,rahulbansaledits,https://topmate.io/rahulbansaledits,"'rahulbansaledits',",4389,7143,https://static.topmate.io/eErJVeQqZ9iuhXGhpWHjdj.PNG,Rahul,VN Reels Template Expert (300K+ Instagram Followers),https://awards.topmate.io/digital-products,https://awards.topmate.io/digital-products,https://awards.topmate.io/digital-products
Most Digital Products Sold '25,11,thisis_alaska,https://topmate.io/thisis_alaska,"'thisis_alaska',",4241,316534,https://static.topmate.io/fJpa4r45eN2EHHsNZxoZmG.jpg,Nandini,Delhi University Gold Medalist | Founder & CEO at The Invincible Academy | Founder at Aparajita Foundation | Career Coach & CUET Mentor | Content Creator YT & IG  : 500k+,https://awards.topmate.io/digital-products,https://awards.topmate.io/digital-products,https://awards.topmate.io/digital-products
Most Digital Products Sold '25,12,codinglyf,https://topmate.io/codinglyf,"'codinglyf',",4006,888721,https://static.topmate.io/dbeCePpadpnyjTUTEbE8g9.jpg,Coding,Full-Stack Developer| Java Spring | JavaScript & React |,https://awards.topmate.io/digital-products,https://awards.topmate.io/digital-products,https://awards.topmate.io/digital-products
Most Digital Products Sold '25,13,primecoding19,https://topmate.io/primecoding19,"'primecoding19',",3763,329333,https://topmate-staging.s3.amazonaws.com/fbjcSdLBa76T3rYXhCEbcu.png,Aditya,"Hi, I’m Aditya Mishra, a Global Hackathon Winner, Founder of Prime Coding (98% MNC placement rate), and YouTuber with 55k+ subs. I mentor students to excel in coding, placements, and hackathons. Let’s turn your challenges into success! 🚀",https://awards.topmate.io/digital-products,https://awards.topmate.io/digital-products,https://awards.topmate.io/digital-products
Most Digital Products Sold '25,14,genzcareer,https://topmate.io/genzcareer,"'genzcareer',",3739,231684,https://static.topmate.io/29wpLPr9DLcPJ7j39rJUBd.jpg,GenZ,"I'm a Senior Software Developer with extensive experience in one of the leading multinational corporations. Over the years, I've had the unique opportunity to conduct over 100 interviews, giving me a deep understanding of what it takes to s",https://awards.topmate.io/digital-products,https://awards.topmate.io/digital-products,https://awards.topmate.io/digital-products
Most Digital Products Sold '25,15,tekno_uf,https://topmate.io/tekno_uf,"'tekno_uf',",3681,735420,https://static.topmate.io/qyHjQ18DALrWrE2PCxRKDH.png,Tekno,"Hi, I’m UBK ANNA, Owner of Tekno UF YT Channel, where I deliver quality, reliability, and game-changing solutions for your Placement. With 3 years of hands-on expertise, I know what works and how to get you the best resources for success.",https://awards.topmate.io/digital-products,https://awards.topmate.io/digital-products,https://awards.topmate.io/digital-products
Most Digital Products Sold '25,16,ajay_kadiyala,https://topmate.io/ajay_kadiyala,"'ajay_kadiyala',",3600,17047,https://static.topmate.io/95EcRJVWcN21fV2Vb22Wzf.jfif,kadiyala,Hey There! This is Ajay Kadiyala. I help people to crack top Product based Companies.,https://awards.topmate.io/digital-products,https://awards.topmate.io/digital-products,https://awards.topmate.io/digital-products
Most Digital Products Sold '25,17,crack_off_campus,https://topmate.io/crack_off_campus,"'crack_off_campus',",3114,364692,https://static.topmate.io/f7EXFnRGZ5ZkWgumMweSrp.jpg,Crack,"""We share daily jobs and internships posting to help you find your ideal oppopportunity.""",https://awards.topmate.io/digital-products,https://awards.topmate.io/digital-products,https://awards.topmate.io/digital-products
Most Digital Products Sold '25,18,aman_vijay,https://topmate.io/aman_vijay,"'aman_vijay',",3082,11663,https://static.topmate.io/psEmjQPgrjjmBfWrXes4c1.png,Aman,VP Growth @Topmate.io,https://awards.topmate.io/digital-products,https://awards.topmate.io/digital-products,https://awards.topmate.io/digital-products
Most Digital Products Sold '25,19,bhavesh_arora,https://topmate.io/bhavesh_arora,"'bhavesh_arora',",3019,332589,https://topmate-profile-pics.s3.ap-south-1.amazonaws.com/profile_pic_8fd2f86b-98b7-4c5c-a39f-a7285bb7324f.jpeg,Bhavesh,Helped 500+ Job Seekers to land their Jobs | Data Scientist | American Express,https://awards.topmate.io/digital-products,https://awards.topmate.io/digital-products,https://awards.topmate.io/digital-products
Most Digital Products Sold '25,20,ashok_aggarwal,https://topmate.io/ashok_aggarwal,"'ashok_aggarwal',",3005,107005,https://static.topmate.io/sGL6XrQiR5xDTEPGXg6oSN.jpeg,Ashok,"429k+ @ Instagram | 10k @ Youtube | Prev. Founder's Office @ Unstop | Invest India (Govt of India) | Guest @ LSR, SRCC, Miranda House | Incisiv, New York (Research Intern)| Not a mentor!",https://awards.topmate.io/digital-products,https://awards.topmate.io/digital-products,https://awards.topmate.io/digital-products
Most Digital Products Sold '25,21,abilesh,https://topmate.io/abilesh,"'abilesh',",2880,36714,https://topmate-staging.s3.ap-south-1.amazonaws.com/nkKFnaskbbZhMCDhDEzKWC.png,Abilesh,"Digital Marketing 𝐂𝐎𝐀𝐂𝐇 🔥𝑬𝒎𝒑𝒐𝒘𝒆𝒓𝒊𝒏𝒈 𝑺𝒎𝒂𝒍𝒍 𝑩𝒖𝒔𝒊𝒏𝒆𝒔𝒔𝒆𝒔 𝒇𝒐𝒓 💥𝑬𝒙𝒑𝒍𝒐𝒔𝒊𝒗𝒆 𝑮𝒓𝒐𝒘𝒕𝒉 📈 Speaks about Digital Marketing, Social Media Marketing, Content Marketing, Personal Branding",https://awards.topmate.io/digital-products,https://awards.topmate.io/digital-products,https://awards.topmate.io/digital-products
Most Digital Products Sold '25,22,tanmay_goel,https://topmate.io/tanmay_goel,"'tanmay_goel',",2836,3953,https://static.topmate.io/wYK1p1qfQBchCCuuDkds7u.png,Tanmay,Software Engineer at Qualcomm | Ex - National Instruments | From tier-3 college,https://awards.topmate.io/digital-products,https://awards.topmate.io/digital-products,https://awards.topmate.io/digital-products
Most Digital Products Sold '25,23,sai_krishna_nangunuri,https://topmate.io/sai_krishna_nangunuri,"'sai_krishna_nangunuri',",2765,189650,https://static.topmate.io/dpniipMxZU2BfNdweW4KjE.jpeg,Sai Krishna,Lead Engineer @ Inspire Brands | Reactjs | Javascript | Html5 | Css | Bootstrap | Angular | Vuejs | Redux | Frontend | Git | Nodejs | Dotnet | Nextjs,https://awards.topmate.io/digital-products,https://awards.topmate.io/digital-products,https://awards.topmate.io/digital-products
Most Digital Products Sold '25,24,testingsociety,https://topmate.io/testingsociety,"'testingsociety',",2743,30878,https://topmate-staging.s3.amazonaws.com/8Rro6gXvAL8iwPDeEu5z9p.png,Testing,🧰 Automation • Manual Testing▶️ Jobs & Interview Materials🗂 Java • Python,https://awards.topmate.io/digital-products,https://awards.topmate.io/digital-products,https://awards.topmate.io/digital-products
Most Digital Products Sold '25,25,thenawazshaikh,https://topmate.io/thenawazshaikh,"'thenawazshaikh',",2728,650730,https://static.topmate.io/tb1fKMxiho82YA9Q8bWeKK.png,nawaz,"I will help you build the most viral personal brand, where 7 figure income flows while you sleep.1 Million Followers | Personal Brand Expert | Content Strategist | Meta Verified Partner | Ai Automation expert | Instagram Growth Coach",https://awards.topmate.io/digital-products,https://awards.topmate.io/digital-products,https://awards.topmate.io/digital-products
Most Views ' 25,1,greatstack,https://topmate.io/greatstack,"'greatstack',",440033,179456,https://topmate-staging.s3.ap-south-1.amazonaws.com/beCDTUkJdRgHCR2iz15nEZ.png,Avinash,"I like to teach aspiring web developers at ""GreatStack"" how to code and get their dream job.",https://awards.topmate.io/views,https://awards.topmate.io/views,https://awards.topmate.io/views
Most Views ' 25,2,shubham_wadekar,https://topmate.io/shubham_wadekar,"'shubham_wadekar',",380891,192597,https://static.topmate.io/pGbDwovAjJJLnk26TPz6D4.jpg,Shubham,"Hi, I am Shubham Wadekar. I guide people aspiring for Data Engineer roles.",https://awards.topmate.io/views,https://awards.topmate.io/views,https://awards.topmate.io/views
Most Views ' 25,3,thisis_alaska,https://topmate.io/thisis_alaska,"'thisis_alaska',",316859,316534,https://static.topmate.io/fJpa4r45eN2EHHsNZxoZmG.jpg,Nandini,Delhi University Gold Medalist | Founder & CEO at The Invincible Academy | Founder at Aparajita Foundation | Career Coach & CUET Mentor | Content Creator YT & IG  : 500k+,https://awards.topmate.io/views,https://awards.topmate.io/views,https://awards.topmate.io/views
Most Views ' 25,4,ashok_aggarwal,https://topmate.io/ashok_aggarwal,"'ashok_aggarwal',",261978,107005,https://static.topmate.io/sGL6XrQiR5xDTEPGXg6oSN.jpeg,Ashok,"429k+ @ Instagram | 10k @ Youtube | Prev. Founder's Office @ Unstop | Invest India (Govt of India) | Guest @ LSR, SRCC, Miranda House | Incisiv, New York (Research Intern)| Not a mentor!",https://awards.topmate.io/views,https://awards.topmate.io/views,https://awards.topmate.io/views
Most Views ' 25,5,ayushi_mishra,https://topmate.io/ayushi_mishra,"'ayushi_mishra',",219331,33373,https://static.topmate.io/rgkfvvHkqFZFufW3SpzbeZ.png,Ayushi,4+ Years Experienced Data Scientist | Provide Guidance for Data Science | Data Analysis | Mentor | YouTuber,https://awards.topmate.io/views,https://awards.topmate.io/views,https://awards.topmate.io/views
Most Views ' 25,6,data_tutorials,https://topmate.io/data_tutorials,"'data_tutorials',",203330,117264,https://static.topmate.io/4pdJG9rDGfYrNSdiPXYQU9.png,Swapnjeet,"Lead Data AnalystExperience in field of Data and expertise on tools like Power BI, Tableau, SQL, Excel, Advanced Excel, Azure, Fabric, Power Apps, AWS, Python, SSIS, Snowflake, Data warehouse, etc.",https://awards.topmate.io/views,https://awards.topmate.io/views,https://awards.topmate.io/views
Most Views ' 25,7,sdejobsandinternships,https://topmate.io/sdejobsandinternships,"'sdejobsandinternships',",184045,274282,https://static.topmate.io/6aK1FByyykUPSUfXmSorab.jpg,SDE,We are offering referral opportunities for internships and full-time jobs. We hope this helps you in building your corporate journey.,https://awards.topmate.io/views,https://awards.topmate.io/views,https://awards.topmate.io/views
Most Views ' 25,8,gakshay,https://topmate.io/gakshay,"'gakshay',",160377,271153,https://topmate-profile-pics.s3.ap-south-1.amazonaws.com/profile_pic_0a16cd50-ca54-47fa-8b09-b7251de781c0.jpeg,Akshay,Principal Software Engineer at OCI | Ex Microsoft | JavaScript | React | Node,https://awards.topmate.io/views,https://awards.topmate.io/views,https://awards.topmate.io/views
Most Views ' 25,9,renuka_r_singh,https://topmate.io/renuka_r_singh,"'renuka_r_singh',",154762,259136,https://static.topmate.io/uedrxfTKz621JUjmGHC8Rw.jpeg,Renuka,Health coach & Nutritionist,https://awards.topmate.io/views,https://awards.topmate.io/views,https://awards.topmate.io/views
Most Views ' 25,10,ketan_goel_analytics_expert,https://topmate.io/ketan_goel_analytics_expert,"'ketan_goel_analytics_expert',",130524,36947,https://static.topmate.io/ihahp5zRNcCzAnUWJiX2Nm.jpeg,Ketan,"Analytics Lead @Meesho | Linkedin 170k+ Followers,https://awards.topmate.io/views,https://awards.topmate.io/views,https://awards.topmate.io/views
Whatsapp Job Updates  Community 100k+ Members,https://awards.topmate.io/whatsapp-job-updates-community-100k-members,https://awards.topmate.io/whatsapp-job-updates-community-100k-members,https://awards.topmate.io/whatsapp-job-updates-community-100k-members
6+ Years Analytics Experience,https://awards.topmate.io/6-years-analytics-experience,https://awards.topmate.io/6-years-analytics-experience,https://awards.topmate.io/6-years-analytics-experience
Interviewed 300+ profiles for Analytics roles,https://awards.topmate.io/interviewed-300-profiles-for-analytics-roles,https://awards.topmate.io/interviewed-300-profiles-for-analytics-roles,https://awards.topmate.io/interviewed-300-profiles-for-analytics-roles
Career Transition Mentor,https://awards.topmate.io/career-transition-mentor,https://awards.topmate.io/career-transition-mentor,https://awards.topmate.io/career-transition-mentor
Instagram username: _goel_ketan",https://awards.topmate.io/instagram-username-goelketan,https://awards.topmate.io/instagram-username-goelketanhttps-awardstopmateio-instagram-username-goelketan,https://awards.topmate.io/instagram-username-goelketanhttps-awardstopmateio-instagram-username-goelketanhttps-awardstopmateio-instagram-username-goelketanhttps-awardstopmateio-instagram-username-goelketan
Most Views ' 25,11,bhavesh_arora,https://topmate.io/bhavesh_arora,"'bhavesh_arora',",122486,332589,https://topmate-profile-pics.s3.ap-south-1.amazonaws.com/profile_pic_8fd2f86b-98b7-4c5c-a39f-a7285bb7324f.jpeg,Bhavesh,Helped 500+ Job Seekers to land their Jobs | Data Scientist | American Express,https://awards.topmate.io/views,https://awards.topmate.io/views,https://awards.topmate.io/views
Most Views ' 25,12,ajay_shenoy,https://topmate.io/ajay_shenoy,"'ajay_shenoy',",116707,61820,https://static.topmate.io/7Jn6xiUrQsncihaSqFGp6J.png,Ajay,14+ yrs in AI/ML: Industry + IISc PhD | Harman | Target | NITK,https://awards.topmate.io/views,https://awards.topmate.io/views,https://awards.topmate.io/views
Most Views ' 25,13,genzcareer,https://topmate.io/genzcareer,"'genzcareer',",113656,231684,https://static.topmate.io/29wpLPr9DLcPJ7j39rJUBd.jpg,GenZ,"I'm a Senior Software Developer with extensive experience in one of the leading multinational corporations. Over the years, I've had the unique opportunity to conduct over 100 interviews, giving me a deep understanding of what it takes to s",https://awards.topmate.io/views,https://awards.topmate.io/views,https://awards.topmate.io/views
Most Views ' 25,14,dataengineering,https://topmate.io/dataengineering,"'dataengineering',",112455,92292,https://static.topmate.io/qsbZkmuK39pi1XoKD2VF36.JPG,Gowtham,Data Engineer | PayPal | YouTuber 290K | Talks Facts Only,https://awards.topmate.io/views,https://awards.topmate.io/views,https://awards.topmate.io/views
Most Views ' 25,15,nagashruthi_k,https://topmate.io/nagashruthi_k,"'nagashruthi_k',",105781,613795,https://topmate-staging.s3.amazonaws.com/4tp92NvpwxJR6KW8ZdkyCe.jpeg,Nagashruthi,Travel Enthusiast and a planner,https://awards.topmate.io/views,https://awards.topmate.io/views,https://awards.topmate.io/views
Most Views ' 25,16,qabytopmate,https://topmate.io/qabytopmate,"'qabytopmate',",105605,13586,https://static.topmate.io/teYrUZmVeLZhSYL1D2LkXb.jpeg,Topmate,Quality engineer,https://awards.topmate.io/views,https://awards.topmate.io/views,https://awards.topmate.io/views
Most Views ' 25,17,primecoding19,https://topmate.io/primecoding19,"'primecoding19',",99125,329333,https://topmate-staging.s3.amazonaws.com/fbjcSdLBa76T3rYXhCEbcu.png,Aditya,"Hi, I’m Aditya Mishra, a Global Hackathon Winner, Founder of Prime Coding (98% MNC placement rate), and YouTuber with 55k+ subs. I mentor students to excel in coding, placements, and hackathons. Let’s turn your challenges into success! 🚀",https://awards.topmate.io/views,https://awards.topmate.io/views,https://awards.topmate.io/views
Most Views ' 25,18,mazher_khan,https://topmate.io/mazher_khan,"'mazher_khan',",99119,105315,https://topmate-staging.s3.amazonaws.com/9NQoYHEJu9apWSS5kdpZmK.png,MAZHER,"Senior Data Analyst - 6 Years | Instagram - 160K+ |  IIT (DR-2) | Retail, E-commerce & Healthcare | Built a 200K+ Data Community (160K+ - Instagram) | SQL, Tableau, Python | Helped 55K+ Data Enthusiasts with Free Resources",https://awards.topmate.io/views,https://awards.topmate.io/views,https://awards.topmate.io/views
Most Views ' 25,19,ajay_kadiyala,https://topmate.io/ajay_kadiyala,"'ajay_kadiyala',",94074,17047,https://static.topmate.io/95EcRJVWcN21fV2Vb22Wzf.jfif,kadiyala,Hey There! This is Ajay Kadiyala. I help people to crack top Product based Companies.,https://awards.topmate.io/views,https://awards.topmate.io/views,https://awards.topmate.io/views
Most Views ' 25,20,aakash_yadav17,https://topmate.io/aakash_yadav17,"'aakash_yadav17',",87742,613723,https://topmate-staging.s3.amazonaws.com/x5BtFQ9rXkMZjgJMtBHDRB.jfif,Aakash,Senior Cybersecurity Professional,https://awards.topmate.io/views,https://awards.topmate.io/views,https://awards.topmate.io/views
Most Views ' 25,21,harry_singh12,https://topmate.io/harry_singh12,"'harry_singh12',",84721,231234,https://static.topmate.io/uoEhpSSs52TqJb262PToCT.jpeg,Harry,Professional Visa Consultation,https://awards.topmate.io/views,https://awards.topmate.io/views,https://awards.topmate.io/views
Most Views ' 25,22,aishwarya_srinivasan,https://topmate.io/aishwarya_srinivasan,"'aishwarya_srinivasan',",84029,20851,https://static.topmate.io/7pXWU8fGN1xd6WzMQFDt9Y.avif,Aishwarya,Data Science| Personal Brand | LinkedIn Influencer | Startup Advisor| Content Creator | First Human at bunchpot.xyz,https://awards.topmate.io/views,https://awards.topmate.io/views,https://awards.topmate.io/views
Most Views ' 25,23,sanjay_kumar50,https://topmate.io/sanjay_kumar50,"'sanjay_kumar50',",81497,546722,https://topmate-staging.s3.amazonaws.com/b27HKs4Y3ohGuXrEuMs6Mt.JPG,Sanjay,Software Engineer with 12+ experience,https://awards.topmate.io/views,https://awards.topmate.io/views,https://awards.topmate.io/views
Most Views ' 25,24,atul_gupta14,https://topmate.io/atul_gupta14,"'atul_gupta14',",72393,613482,https://topmate-staging.s3.amazonaws.com/eMH1Xix9YfWhrE7WZvuXo9.jpg,Atul,Banking and Insurance specialist,https://awards.topmate.io/views,https://awards.topmate.io/views,https://awards.topmate.io/views
Most Views ' 25,25,manglam_sen,https://topmate.io/manglam_sen,"'manglam_sen',",71422,335437,https://topmate-profile-pics.s3.ap-south-1.amazonaws.com/profile_pic_996150a6-2fd8-459a-b161-7cfef0710e9a.jpeg,manglam,IT Solution Expert @ Siemens | Java |  SQL | 4* @HackerRank | Co-Founder @Kn Academy | Salesforce Certified,https://awards.topmate.io/views,https://awards.topmate.io/views,https://awards.topmate.io/views
